CREATE DATABASE  IF NOT EXISTS `ddib` /*!40100 DEFAULT CHARACTER SET utf8mb4 COLLATE utf8mb4_0900_ai_ci */ /*!80016 DEFAULT ENCRYPTION='N' */;
USE `ddib`;
-- MySQL dump 10.13  Distrib 8.0.34, for Win64 (x86_64)
--
-- Host: 34.16.220.92    Database: ddib
-- ------------------------------------------------------
-- Server version	8.0.36-0ubuntu0.20.04.1

/*!40101 SET @OLD_CHARACTER_SET_CLIENT=@@CHARACTER_SET_CLIENT */;
/*!40101 SET @OLD_CHARACTER_SET_RESULTS=@@CHARACTER_SET_RESULTS */;
/*!40101 SET @OLD_COLLATION_CONNECTION=@@COLLATION_CONNECTION */;
/*!50503 SET NAMES utf8 */;
/*!40103 SET @OLD_TIME_ZONE=@@TIME_ZONE */;
/*!40103 SET TIME_ZONE='+00:00' */;
/*!40014 SET @OLD_UNIQUE_CHECKS=@@UNIQUE_CHECKS, UNIQUE_CHECKS=0 */;
/*!40014 SET @OLD_FOREIGN_KEY_CHECKS=@@FOREIGN_KEY_CHECKS, FOREIGN_KEY_CHECKS=0 */;
/*!40101 SET @OLD_SQL_MODE=@@SQL_MODE, SQL_MODE='NO_AUTO_VALUE_ON_ZERO' */;
/*!40111 SET @OLD_SQL_NOTES=@@SQL_NOTES, SQL_NOTES=0 */;

--
-- Table structure for table `BATCH_JOB_EXECUTION`
--

DROP TABLE IF EXISTS `BATCH_JOB_EXECUTION`;
/*!40101 SET @saved_cs_client     = @@character_set_client */;
/*!50503 SET character_set_client = utf8mb4 */;
CREATE TABLE `BATCH_JOB_EXECUTION` (
  `JOB_EXECUTION_ID` bigint NOT NULL,
  `VERSION` bigint DEFAULT NULL,
  `JOB_INSTANCE_ID` bigint NOT NULL,
  `CREATE_TIME` datetime(6) NOT NULL,
  `START_TIME` datetime(6) DEFAULT NULL,
  `END_TIME` datetime(6) DEFAULT NULL,
  `STATUS` varchar(10) DEFAULT NULL,
  `EXIT_CODE` varchar(2500) DEFAULT NULL,
  `EXIT_MESSAGE` varchar(2500) DEFAULT NULL,
  `LAST_UPDATED` datetime(6) DEFAULT NULL,
  PRIMARY KEY (`JOB_EXECUTION_ID`),
  KEY `JOB_INST_EXEC_FK` (`JOB_INSTANCE_ID`),
  CONSTRAINT `JOB_INST_EXEC_FK` FOREIGN KEY (`JOB_INSTANCE_ID`) REFERENCES `BATCH_JOB_INSTANCE` (`JOB_INSTANCE_ID`)
) ENGINE=InnoDB DEFAULT CHARSET=utf8mb4 COLLATE=utf8mb4_0900_ai_ci;
/*!40101 SET character_set_client = @saved_cs_client */;

--
-- Dumping data for table `BATCH_JOB_EXECUTION`
--

LOCK TABLES `BATCH_JOB_EXECUTION` WRITE;
/*!40000 ALTER TABLE `BATCH_JOB_EXECUTION` DISABLE KEYS */;
INSERT INTO `BATCH_JOB_EXECUTION` VALUES (1,2,1,'2024-05-19 10:42:48.935522','2024-05-19 10:42:49.043582','2024-05-19 10:42:50.203913','COMPLETED','COMPLETED','','2024-05-19 10:42:50.205277'),(2,2,2,'2024-05-19 10:45:09.732037','2024-05-19 10:45:09.908112','2024-05-19 10:45:11.059429','COMPLETED','COMPLETED','','2024-05-19 10:45:11.060573'),(3,2,3,'2024-05-19 11:00:00.048034','2024-05-19 11:00:00.073052','2024-05-19 11:00:00.239181','COMPLETED','COMPLETED','','2024-05-19 11:00:00.240031'),(4,2,4,'2024-05-19 11:29:54.009785','2024-05-19 11:29:54.147656','2024-05-19 11:29:55.309196','COMPLETED','COMPLETED','','2024-05-19 11:29:55.310321'),(5,2,5,'2024-05-19 11:36:06.882174','2024-05-19 11:36:07.055482','2024-05-19 11:36:08.832563','COMPLETED','COMPLETED','','2024-05-19 11:36:08.836531'),(6,2,6,'2024-05-19 11:36:39.734967','2024-05-19 11:36:39.852354','2024-05-19 11:36:40.876595','COMPLETED','COMPLETED','','2024-05-19 11:36:40.878050'),(7,2,7,'2024-05-19 11:36:45.608874','2024-05-19 11:36:45.746084','2024-05-19 11:36:46.959577','COMPLETED','COMPLETED','','2024-05-19 11:36:46.966144'),(8,2,8,'2024-05-19 11:36:47.459406','2024-05-19 11:36:47.562251','2024-05-19 11:36:48.774435','COMPLETED','COMPLETED','','2024-05-19 11:36:48.775516'),(9,2,9,'2024-05-19 11:36:48.394362','2024-05-19 11:36:48.557341','2024-05-19 11:36:49.811098','COMPLETED','COMPLETED','','2024-05-19 11:36:49.812211'),(10,2,10,'2024-05-19 12:00:00.032963','2024-05-19 12:00:00.068125','2024-05-19 12:00:00.286923','COMPLETED','COMPLETED','','2024-05-19 12:00:00.308312'),(11,2,11,'2024-05-19 12:01:26.532695','2024-05-19 12:01:26.653227','2024-05-19 12:01:28.476503','COMPLETED','COMPLETED','','2024-05-19 12:01:28.482205'),(12,2,12,'2024-05-19 12:01:56.415149','2024-05-19 12:01:56.509806','2024-05-19 12:01:57.417595','COMPLETED','COMPLETED','','2024-05-19 12:01:57.418518'),(13,2,13,'2024-05-19 12:02:02.348748','2024-05-19 12:02:02.475303','2024-05-19 12:02:03.653644','COMPLETED','COMPLETED','','2024-05-19 12:02:03.655457'),(14,2,14,'2024-05-19 12:02:02.736946','2024-05-19 12:02:02.891396','2024-05-19 12:02:04.109677','COMPLETED','COMPLETED','','2024-05-19 12:02:04.111185'),(15,2,15,'2024-05-19 12:02:06.630083','2024-05-19 12:02:06.740604','2024-05-19 12:02:07.971961','COMPLETED','COMPLETED','','2024-05-19 12:02:07.987054'),(16,2,16,'2024-05-19 12:03:42.183403','2024-05-19 12:03:42.460543','2024-05-19 12:03:43.705734','COMPLETED','COMPLETED','','2024-05-19 12:03:43.709195'),(17,2,17,'2024-05-19 12:09:47.256378','2024-05-19 12:09:47.420601','2024-05-19 12:09:48.761355','COMPLETED','COMPLETED','','2024-05-19 12:09:48.763040'),(18,2,18,'2024-05-19 12:17:58.619956','2024-05-19 12:17:58.854563','2024-05-19 12:18:00.599334','COMPLETED','COMPLETED','','2024-05-19 12:18:00.604992'),(19,2,19,'2024-05-19 12:34:19.516215','2024-05-19 12:34:19.647675','2024-05-19 12:34:21.174822','COMPLETED','COMPLETED','','2024-05-19 12:34:21.180811'),(20,2,20,'2024-05-19 13:00:00.115846','2024-05-19 13:00:00.139342','2024-05-19 13:00:00.368054','COMPLETED','COMPLETED','','2024-05-19 13:00:00.368960'),(21,2,21,'2024-05-19 13:00:00.219083','2024-05-19 13:00:00.304019','2024-05-19 13:00:00.636182','COMPLETED','COMPLETED','','2024-05-19 13:00:00.637093'),(22,2,22,'2024-05-19 13:22:28.624569','2024-05-19 13:22:28.894271','2024-05-19 13:22:30.537460','COMPLETED','COMPLETED','','2024-05-19 13:22:30.539969'),(23,2,23,'2024-05-19 13:49:50.608897','2024-05-19 13:49:50.812400','2024-05-19 13:49:52.123098','COMPLETED','COMPLETED','','2024-05-19 13:49:52.124187'),(24,2,25,'2024-05-19 13:50:14.053316','2024-05-19 13:50:14.161959','2024-05-19 13:50:15.117404','COMPLETED','COMPLETED','','2024-05-19 13:50:15.119078'),(25,2,26,'2024-05-19 13:51:54.864582','2024-05-19 13:51:54.967429','2024-05-19 13:51:56.964109','COMPLETED','COMPLETED','','2024-05-19 13:51:56.969501'),(26,2,27,'2024-05-19 13:51:55.427847','2024-05-19 13:51:55.538281','2024-05-19 13:51:57.177461','COMPLETED','COMPLETED','','2024-05-19 13:51:57.212542'),(27,2,28,'2024-05-19 13:52:20.728446','2024-05-19 13:52:20.972847','2024-05-19 13:52:23.589978','COMPLETED','COMPLETED','','2024-05-19 13:52:23.592263'),(28,2,29,'2024-05-19 13:52:22.328551','2024-05-19 13:52:22.507744','2024-05-19 13:52:24.631814','COMPLETED','COMPLETED','','2024-05-19 13:52:24.640419'),(29,2,30,'2024-05-19 13:57:53.457033','2024-05-19 13:57:53.652554','2024-05-19 13:57:54.919646','COMPLETED','COMPLETED','','2024-05-19 13:57:54.921425'),(30,2,31,'2024-05-19 14:00:00.026417','2024-05-19 14:00:00.057407','2024-05-19 14:00:00.363266','COMPLETED','COMPLETED','','2024-05-19 14:00:00.364385'),(31,2,32,'2024-05-19 14:12:06.575141','2024-05-19 14:12:06.764704','2024-05-19 14:12:08.184756','COMPLETED','COMPLETED','','2024-05-19 14:12:08.186834'),(32,2,33,'2024-05-19 14:12:19.865626','2024-05-19 14:12:19.968876','2024-05-19 14:12:21.118160','COMPLETED','COMPLETED','','2024-05-19 14:12:21.119390'),(33,2,34,'2024-05-19 14:12:22.195411','2024-05-19 14:12:22.369242','2024-05-19 14:12:23.773284','COMPLETED','COMPLETED','','2024-05-19 14:12:23.776992'),(34,2,35,'2024-05-19 14:12:42.028637','2024-05-19 14:12:42.260775','2024-05-19 14:12:44.083380','COMPLETED','COMPLETED','','2024-05-19 14:12:44.084546'),(35,2,36,'2024-05-19 14:13:27.071694','2024-05-19 14:13:27.145913','2024-05-19 14:13:28.147786','COMPLETED','COMPLETED','','2024-05-19 14:13:28.149251'),(36,2,37,'2024-05-19 14:41:36.469542','2024-05-19 14:41:36.589936','2024-05-19 14:41:37.733761','COMPLETED','COMPLETED','','2024-05-19 14:41:37.735211'),(37,2,38,'2024-05-19 14:41:58.434065','2024-05-19 14:41:58.539352','2024-05-19 14:41:59.681965','COMPLETED','COMPLETED','','2024-05-19 14:41:59.682891'),(38,2,39,'2024-05-19 14:42:01.292463','2024-05-19 14:42:01.425188','2024-05-19 14:42:03.577346','COMPLETED','COMPLETED','','2024-05-19 14:42:03.579600'),(39,2,40,'2024-05-19 14:42:02.136392','2024-05-19 14:42:02.345392','2024-05-19 14:42:05.738970','COMPLETED','COMPLETED','','2024-05-19 14:42:05.752580'),(40,2,41,'2024-05-19 15:00:00.043316','2024-05-19 15:00:00.065479','2024-05-19 15:00:00.284358','COMPLETED','COMPLETED','','2024-05-19 15:00:00.285055'),(41,2,42,'2024-05-19 15:15:30.747533','2024-05-19 15:15:30.863261','2024-05-19 15:15:32.431165','COMPLETED','COMPLETED','','2024-05-19 15:15:32.432819'),(42,2,43,'2024-05-19 15:25:34.050838','2024-05-19 15:25:34.236313','2024-05-19 15:25:35.919176','COMPLETED','COMPLETED','','2024-05-19 15:25:35.921230'),(43,2,44,'2024-05-19 15:43:29.531789','2024-05-19 15:43:29.726170','2024-05-19 15:43:31.119972','COMPLETED','COMPLETED','','2024-05-19 15:43:31.121274'),(44,2,45,'2024-05-19 15:48:04.483142','2024-05-19 15:48:04.563089','2024-05-19 15:48:05.538685','COMPLETED','COMPLETED','','2024-05-19 15:48:05.540399'),(45,2,46,'2024-05-19 16:00:00.052472','2024-05-19 16:00:00.078496','2024-05-19 16:00:00.309757','COMPLETED','COMPLETED','','2024-05-19 16:00:00.310777'),(46,2,47,'2024-05-19 16:05:29.913980','2024-05-19 16:05:30.022235','2024-05-19 16:05:31.181275','COMPLETED','COMPLETED','','2024-05-19 16:05:31.182475'),(47,2,48,'2024-05-19 16:23:37.040753','2024-05-19 16:23:37.226423','2024-05-19 16:23:38.755259','COMPLETED','COMPLETED','','2024-05-19 16:23:38.756579'),(48,2,49,'2024-05-19 16:26:15.065869','2024-05-19 16:26:15.217700','2024-05-19 16:26:16.720815','COMPLETED','COMPLETED','','2024-05-19 16:26:16.726347'),(49,2,50,'2024-05-19 16:49:03.331458','2024-05-19 16:49:03.477223','2024-05-19 16:49:05.286036','COMPLETED','COMPLETED','','2024-05-19 16:49:05.290009'),(50,2,51,'2024-05-19 16:49:16.987387','2024-05-19 16:49:17.106701','2024-05-19 16:49:18.257844','COMPLETED','COMPLETED','','2024-05-19 16:49:18.258668'),(51,2,52,'2024-05-19 16:49:21.772717','2024-05-19 16:49:21.957309','2024-05-19 16:49:23.379588','COMPLETED','COMPLETED','','2024-05-19 16:49:23.384516'),(52,2,53,'2024-05-19 16:49:22.560215','2024-05-19 16:49:22.764323','2024-05-19 16:49:24.128532','COMPLETED','COMPLETED','','2024-05-19 16:49:24.129632'),(53,2,54,'2024-05-19 16:49:33.964775','2024-05-19 16:49:34.090140','2024-05-19 16:49:35.472948','COMPLETED','COMPLETED','','2024-05-19 16:49:35.474228'),(54,2,55,'2024-05-19 17:00:00.079633','2024-05-19 17:00:00.101439','2024-05-19 17:00:00.324171','COMPLETED','COMPLETED','','2024-05-19 17:00:00.325067');
/*!40000 ALTER TABLE `BATCH_JOB_EXECUTION` ENABLE KEYS */;
UNLOCK TABLES;

--
-- Table structure for table `BATCH_JOB_EXECUTION_CONTEXT`
--

DROP TABLE IF EXISTS `BATCH_JOB_EXECUTION_CONTEXT`;
/*!40101 SET @saved_cs_client     = @@character_set_client */;
/*!50503 SET character_set_client = utf8mb4 */;
CREATE TABLE `BATCH_JOB_EXECUTION_CONTEXT` (
  `JOB_EXECUTION_ID` bigint NOT NULL,
  `SHORT_CONTEXT` varchar(2500) NOT NULL,
  `SERIALIZED_CONTEXT` text,
  PRIMARY KEY (`JOB_EXECUTION_ID`),
  CONSTRAINT `JOB_EXEC_CTX_FK` FOREIGN KEY (`JOB_EXECUTION_ID`) REFERENCES `BATCH_JOB_EXECUTION` (`JOB_EXECUTION_ID`)
) ENGINE=InnoDB DEFAULT CHARSET=utf8mb4 COLLATE=utf8mb4_0900_ai_ci;
/*!40101 SET character_set_client = @saved_cs_client */;

--
-- Dumping data for table `BATCH_JOB_EXECUTION_CONTEXT`
--

LOCK TABLES `BATCH_JOB_EXECUTION_CONTEXT` WRITE;
/*!40000 ALTER TABLE `BATCH_JOB_EXECUTION_CONTEXT` DISABLE KEYS */;
INSERT INTO `BATCH_JOB_EXECUTION_CONTEXT` VALUES (1,'rO0ABXNyABFqYXZhLnV0aWwuSGFzaE1hcAUH2sHDFmDRAwACRgAKbG9hZEZhY3RvckkACXRocmVzaG9sZHhwP0AAAAAAAAx3CAAAABAAAAABdAANYmF0Y2gudmVyc2lvbnQABTUuMS4xeA==',NULL),(2,'rO0ABXNyABFqYXZhLnV0aWwuSGFzaE1hcAUH2sHDFmDRAwACRgAKbG9hZEZhY3RvckkACXRocmVzaG9sZHhwP0AAAAAAAAx3CAAAABAAAAABdAANYmF0Y2gudmVyc2lvbnQABTUuMS4xeA==',NULL),(3,'rO0ABXNyABFqYXZhLnV0aWwuSGFzaE1hcAUH2sHDFmDRAwACRgAKbG9hZEZhY3RvckkACXRocmVzaG9sZHhwP0AAAAAAAAx3CAAAABAAAAABdAANYmF0Y2gudmVyc2lvbnQABTUuMS4xeA==',NULL),(4,'rO0ABXNyABFqYXZhLnV0aWwuSGFzaE1hcAUH2sHDFmDRAwACRgAKbG9hZEZhY3RvckkACXRocmVzaG9sZHhwP0AAAAAAAAx3CAAAABAAAAABdAANYmF0Y2gudmVyc2lvbnQABTUuMS4xeA==',NULL),(5,'rO0ABXNyABFqYXZhLnV0aWwuSGFzaE1hcAUH2sHDFmDRAwACRgAKbG9hZEZhY3RvckkACXRocmVzaG9sZHhwP0AAAAAAAAx3CAAAABAAAAABdAANYmF0Y2gudmVyc2lvbnQABTUuMS4xeA==',NULL),(6,'rO0ABXNyABFqYXZhLnV0aWwuSGFzaE1hcAUH2sHDFmDRAwACRgAKbG9hZEZhY3RvckkACXRocmVzaG9sZHhwP0AAAAAAAAx3CAAAABAAAAABdAANYmF0Y2gudmVyc2lvbnQABTUuMS4xeA==',NULL),(7,'rO0ABXNyABFqYXZhLnV0aWwuSGFzaE1hcAUH2sHDFmDRAwACRgAKbG9hZEZhY3RvckkACXRocmVzaG9sZHhwP0AAAAAAAAx3CAAAABAAAAABdAANYmF0Y2gudmVyc2lvbnQABTUuMS4xeA==',NULL),(8,'rO0ABXNyABFqYXZhLnV0aWwuSGFzaE1hcAUH2sHDFmDRAwACRgAKbG9hZEZhY3RvckkACXRocmVzaG9sZHhwP0AAAAAAAAx3CAAAABAAAAABdAANYmF0Y2gudmVyc2lvbnQABTUuMS4xeA==',NULL),(9,'rO0ABXNyABFqYXZhLnV0aWwuSGFzaE1hcAUH2sHDFmDRAwACRgAKbG9hZEZhY3RvckkACXRocmVzaG9sZHhwP0AAAAAAAAx3CAAAABAAAAABdAANYmF0Y2gudmVyc2lvbnQABTUuMS4xeA==',NULL),(10,'rO0ABXNyABFqYXZhLnV0aWwuSGFzaE1hcAUH2sHDFmDRAwACRgAKbG9hZEZhY3RvckkACXRocmVzaG9sZHhwP0AAAAAAAAx3CAAAABAAAAABdAANYmF0Y2gudmVyc2lvbnQABTUuMS4xeA==',NULL),(11,'rO0ABXNyABFqYXZhLnV0aWwuSGFzaE1hcAUH2sHDFmDRAwACRgAKbG9hZEZhY3RvckkACXRocmVzaG9sZHhwP0AAAAAAAAx3CAAAABAAAAABdAANYmF0Y2gudmVyc2lvbnQABTUuMS4xeA==',NULL),(12,'rO0ABXNyABFqYXZhLnV0aWwuSGFzaE1hcAUH2sHDFmDRAwACRgAKbG9hZEZhY3RvckkACXRocmVzaG9sZHhwP0AAAAAAAAx3CAAAABAAAAABdAANYmF0Y2gudmVyc2lvbnQABTUuMS4xeA==',NULL),(13,'rO0ABXNyABFqYXZhLnV0aWwuSGFzaE1hcAUH2sHDFmDRAwACRgAKbG9hZEZhY3RvckkACXRocmVzaG9sZHhwP0AAAAAAAAx3CAAAABAAAAABdAANYmF0Y2gudmVyc2lvbnQABTUuMS4xeA==',NULL),(14,'rO0ABXNyABFqYXZhLnV0aWwuSGFzaE1hcAUH2sHDFmDRAwACRgAKbG9hZEZhY3RvckkACXRocmVzaG9sZHhwP0AAAAAAAAx3CAAAABAAAAABdAANYmF0Y2gudmVyc2lvbnQABTUuMS4xeA==',NULL),(15,'rO0ABXNyABFqYXZhLnV0aWwuSGFzaE1hcAUH2sHDFmDRAwACRgAKbG9hZEZhY3RvckkACXRocmVzaG9sZHhwP0AAAAAAAAx3CAAAABAAAAABdAANYmF0Y2gudmVyc2lvbnQABTUuMS4xeA==',NULL),(16,'rO0ABXNyABFqYXZhLnV0aWwuSGFzaE1hcAUH2sHDFmDRAwACRgAKbG9hZEZhY3RvckkACXRocmVzaG9sZHhwP0AAAAAAAAx3CAAAABAAAAABdAANYmF0Y2gudmVyc2lvbnQABTUuMS4xeA==',NULL),(17,'rO0ABXNyABFqYXZhLnV0aWwuSGFzaE1hcAUH2sHDFmDRAwACRgAKbG9hZEZhY3RvckkACXRocmVzaG9sZHhwP0AAAAAAAAx3CAAAABAAAAABdAANYmF0Y2gudmVyc2lvbnQABTUuMS4xeA==',NULL),(18,'rO0ABXNyABFqYXZhLnV0aWwuSGFzaE1hcAUH2sHDFmDRAwACRgAKbG9hZEZhY3RvckkACXRocmVzaG9sZHhwP0AAAAAAAAx3CAAAABAAAAABdAANYmF0Y2gudmVyc2lvbnQABTUuMS4xeA==',NULL),(19,'rO0ABXNyABFqYXZhLnV0aWwuSGFzaE1hcAUH2sHDFmDRAwACRgAKbG9hZEZhY3RvckkACXRocmVzaG9sZHhwP0AAAAAAAAx3CAAAABAAAAABdAANYmF0Y2gudmVyc2lvbnQABTUuMS4xeA==',NULL),(20,'rO0ABXNyABFqYXZhLnV0aWwuSGFzaE1hcAUH2sHDFmDRAwACRgAKbG9hZEZhY3RvckkACXRocmVzaG9sZHhwP0AAAAAAAAx3CAAAABAAAAABdAANYmF0Y2gudmVyc2lvbnQABTUuMS4xeA==',NULL),(21,'rO0ABXNyABFqYXZhLnV0aWwuSGFzaE1hcAUH2sHDFmDRAwACRgAKbG9hZEZhY3RvckkACXRocmVzaG9sZHhwP0AAAAAAAAx3CAAAABAAAAABdAANYmF0Y2gudmVyc2lvbnQABTUuMS4xeA==',NULL),(22,'rO0ABXNyABFqYXZhLnV0aWwuSGFzaE1hcAUH2sHDFmDRAwACRgAKbG9hZEZhY3RvckkACXRocmVzaG9sZHhwP0AAAAAAAAx3CAAAABAAAAABdAANYmF0Y2gudmVyc2lvbnQABTUuMS4xeA==',NULL),(23,'rO0ABXNyABFqYXZhLnV0aWwuSGFzaE1hcAUH2sHDFmDRAwACRgAKbG9hZEZhY3RvckkACXRocmVzaG9sZHhwP0AAAAAAAAx3CAAAABAAAAABdAANYmF0Y2gudmVyc2lvbnQABTUuMS4xeA==',NULL),(24,'rO0ABXNyABFqYXZhLnV0aWwuSGFzaE1hcAUH2sHDFmDRAwACRgAKbG9hZEZhY3RvckkACXRocmVzaG9sZHhwP0AAAAAAAAx3CAAAABAAAAABdAANYmF0Y2gudmVyc2lvbnQABTUuMS4xeA==',NULL),(25,'rO0ABXNyABFqYXZhLnV0aWwuSGFzaE1hcAUH2sHDFmDRAwACRgAKbG9hZEZhY3RvckkACXRocmVzaG9sZHhwP0AAAAAAAAx3CAAAABAAAAABdAANYmF0Y2gudmVyc2lvbnQABTUuMS4xeA==',NULL),(26,'rO0ABXNyABFqYXZhLnV0aWwuSGFzaE1hcAUH2sHDFmDRAwACRgAKbG9hZEZhY3RvckkACXRocmVzaG9sZHhwP0AAAAAAAAx3CAAAABAAAAABdAANYmF0Y2gudmVyc2lvbnQABTUuMS4xeA==',NULL),(27,'rO0ABXNyABFqYXZhLnV0aWwuSGFzaE1hcAUH2sHDFmDRAwACRgAKbG9hZEZhY3RvckkACXRocmVzaG9sZHhwP0AAAAAAAAx3CAAAABAAAAABdAANYmF0Y2gudmVyc2lvbnQABTUuMS4xeA==',NULL),(28,'rO0ABXNyABFqYXZhLnV0aWwuSGFzaE1hcAUH2sHDFmDRAwACRgAKbG9hZEZhY3RvckkACXRocmVzaG9sZHhwP0AAAAAAAAx3CAAAABAAAAABdAANYmF0Y2gudmVyc2lvbnQABTUuMS4xeA==',NULL),(29,'rO0ABXNyABFqYXZhLnV0aWwuSGFzaE1hcAUH2sHDFmDRAwACRgAKbG9hZEZhY3RvckkACXRocmVzaG9sZHhwP0AAAAAAAAx3CAAAABAAAAABdAANYmF0Y2gudmVyc2lvbnQABTUuMS4xeA==',NULL),(30,'rO0ABXNyABFqYXZhLnV0aWwuSGFzaE1hcAUH2sHDFmDRAwACRgAKbG9hZEZhY3RvckkACXRocmVzaG9sZHhwP0AAAAAAAAx3CAAAABAAAAABdAANYmF0Y2gudmVyc2lvbnQABTUuMS4xeA==',NULL),(31,'rO0ABXNyABFqYXZhLnV0aWwuSGFzaE1hcAUH2sHDFmDRAwACRgAKbG9hZEZhY3RvckkACXRocmVzaG9sZHhwP0AAAAAAAAx3CAAAABAAAAABdAANYmF0Y2gudmVyc2lvbnQABTUuMS4xeA==',NULL),(32,'rO0ABXNyABFqYXZhLnV0aWwuSGFzaE1hcAUH2sHDFmDRAwACRgAKbG9hZEZhY3RvckkACXRocmVzaG9sZHhwP0AAAAAAAAx3CAAAABAAAAABdAANYmF0Y2gudmVyc2lvbnQABTUuMS4xeA==',NULL),(33,'rO0ABXNyABFqYXZhLnV0aWwuSGFzaE1hcAUH2sHDFmDRAwACRgAKbG9hZEZhY3RvckkACXRocmVzaG9sZHhwP0AAAAAAAAx3CAAAABAAAAABdAANYmF0Y2gudmVyc2lvbnQABTUuMS4xeA==',NULL),(34,'rO0ABXNyABFqYXZhLnV0aWwuSGFzaE1hcAUH2sHDFmDRAwACRgAKbG9hZEZhY3RvckkACXRocmVzaG9sZHhwP0AAAAAAAAx3CAAAABAAAAABdAANYmF0Y2gudmVyc2lvbnQABTUuMS4xeA==',NULL),(35,'rO0ABXNyABFqYXZhLnV0aWwuSGFzaE1hcAUH2sHDFmDRAwACRgAKbG9hZEZhY3RvckkACXRocmVzaG9sZHhwP0AAAAAAAAx3CAAAABAAAAABdAANYmF0Y2gudmVyc2lvbnQABTUuMS4xeA==',NULL),(36,'rO0ABXNyABFqYXZhLnV0aWwuSGFzaE1hcAUH2sHDFmDRAwACRgAKbG9hZEZhY3RvckkACXRocmVzaG9sZHhwP0AAAAAAAAx3CAAAABAAAAABdAANYmF0Y2gudmVyc2lvbnQABTUuMS4xeA==',NULL),(37,'rO0ABXNyABFqYXZhLnV0aWwuSGFzaE1hcAUH2sHDFmDRAwACRgAKbG9hZEZhY3RvckkACXRocmVzaG9sZHhwP0AAAAAAAAx3CAAAABAAAAABdAANYmF0Y2gudmVyc2lvbnQABTUuMS4xeA==',NULL),(38,'rO0ABXNyABFqYXZhLnV0aWwuSGFzaE1hcAUH2sHDFmDRAwACRgAKbG9hZEZhY3RvckkACXRocmVzaG9sZHhwP0AAAAAAAAx3CAAAABAAAAABdAANYmF0Y2gudmVyc2lvbnQABTUuMS4xeA==',NULL),(39,'rO0ABXNyABFqYXZhLnV0aWwuSGFzaE1hcAUH2sHDFmDRAwACRgAKbG9hZEZhY3RvckkACXRocmVzaG9sZHhwP0AAAAAAAAx3CAAAABAAAAABdAANYmF0Y2gudmVyc2lvbnQABTUuMS4xeA==',NULL),(40,'rO0ABXNyABFqYXZhLnV0aWwuSGFzaE1hcAUH2sHDFmDRAwACRgAKbG9hZEZhY3RvckkACXRocmVzaG9sZHhwP0AAAAAAAAx3CAAAABAAAAABdAANYmF0Y2gudmVyc2lvbnQABTUuMS4xeA==',NULL),(41,'rO0ABXNyABFqYXZhLnV0aWwuSGFzaE1hcAUH2sHDFmDRAwACRgAKbG9hZEZhY3RvckkACXRocmVzaG9sZHhwP0AAAAAAAAx3CAAAABAAAAABdAANYmF0Y2gudmVyc2lvbnQABTUuMS4xeA==',NULL),(42,'rO0ABXNyABFqYXZhLnV0aWwuSGFzaE1hcAUH2sHDFmDRAwACRgAKbG9hZEZhY3RvckkACXRocmVzaG9sZHhwP0AAAAAAAAx3CAAAABAAAAABdAANYmF0Y2gudmVyc2lvbnQABTUuMS4xeA==',NULL),(43,'rO0ABXNyABFqYXZhLnV0aWwuSGFzaE1hcAUH2sHDFmDRAwACRgAKbG9hZEZhY3RvckkACXRocmVzaG9sZHhwP0AAAAAAAAx3CAAAABAAAAABdAANYmF0Y2gudmVyc2lvbnQABTUuMS4xeA==',NULL),(44,'rO0ABXNyABFqYXZhLnV0aWwuSGFzaE1hcAUH2sHDFmDRAwACRgAKbG9hZEZhY3RvckkACXRocmVzaG9sZHhwP0AAAAAAAAx3CAAAABAAAAABdAANYmF0Y2gudmVyc2lvbnQABTUuMS4xeA==',NULL),(45,'rO0ABXNyABFqYXZhLnV0aWwuSGFzaE1hcAUH2sHDFmDRAwACRgAKbG9hZEZhY3RvckkACXRocmVzaG9sZHhwP0AAAAAAAAx3CAAAABAAAAABdAANYmF0Y2gudmVyc2lvbnQABTUuMS4xeA==',NULL),(46,'rO0ABXNyABFqYXZhLnV0aWwuSGFzaE1hcAUH2sHDFmDRAwACRgAKbG9hZEZhY3RvckkACXRocmVzaG9sZHhwP0AAAAAAAAx3CAAAABAAAAABdAANYmF0Y2gudmVyc2lvbnQABTUuMS4xeA==',NULL),(47,'rO0ABXNyABFqYXZhLnV0aWwuSGFzaE1hcAUH2sHDFmDRAwACRgAKbG9hZEZhY3RvckkACXRocmVzaG9sZHhwP0AAAAAAAAx3CAAAABAAAAABdAANYmF0Y2gudmVyc2lvbnQABTUuMS4xeA==',NULL),(48,'rO0ABXNyABFqYXZhLnV0aWwuSGFzaE1hcAUH2sHDFmDRAwACRgAKbG9hZEZhY3RvckkACXRocmVzaG9sZHhwP0AAAAAAAAx3CAAAABAAAAABdAANYmF0Y2gudmVyc2lvbnQABTUuMS4xeA==',NULL),(49,'rO0ABXNyABFqYXZhLnV0aWwuSGFzaE1hcAUH2sHDFmDRAwACRgAKbG9hZEZhY3RvckkACXRocmVzaG9sZHhwP0AAAAAAAAx3CAAAABAAAAABdAANYmF0Y2gudmVyc2lvbnQABTUuMS4xeA==',NULL),(50,'rO0ABXNyABFqYXZhLnV0aWwuSGFzaE1hcAUH2sHDFmDRAwACRgAKbG9hZEZhY3RvckkACXRocmVzaG9sZHhwP0AAAAAAAAx3CAAAABAAAAABdAANYmF0Y2gudmVyc2lvbnQABTUuMS4xeA==',NULL),(51,'rO0ABXNyABFqYXZhLnV0aWwuSGFzaE1hcAUH2sHDFmDRAwACRgAKbG9hZEZhY3RvckkACXRocmVzaG9sZHhwP0AAAAAAAAx3CAAAABAAAAABdAANYmF0Y2gudmVyc2lvbnQABTUuMS4xeA==',NULL),(52,'rO0ABXNyABFqYXZhLnV0aWwuSGFzaE1hcAUH2sHDFmDRAwACRgAKbG9hZEZhY3RvckkACXRocmVzaG9sZHhwP0AAAAAAAAx3CAAAABAAAAABdAANYmF0Y2gudmVyc2lvbnQABTUuMS4xeA==',NULL),(53,'rO0ABXNyABFqYXZhLnV0aWwuSGFzaE1hcAUH2sHDFmDRAwACRgAKbG9hZEZhY3RvckkACXRocmVzaG9sZHhwP0AAAAAAAAx3CAAAABAAAAABdAANYmF0Y2gudmVyc2lvbnQABTUuMS4xeA==',NULL),(54,'rO0ABXNyABFqYXZhLnV0aWwuSGFzaE1hcAUH2sHDFmDRAwACRgAKbG9hZEZhY3RvckkACXRocmVzaG9sZHhwP0AAAAAAAAx3CAAAABAAAAABdAANYmF0Y2gudmVyc2lvbnQABTUuMS4xeA==',NULL);
/*!40000 ALTER TABLE `BATCH_JOB_EXECUTION_CONTEXT` ENABLE KEYS */;
UNLOCK TABLES;

--
-- Table structure for table `BATCH_JOB_EXECUTION_PARAMS`
--

DROP TABLE IF EXISTS `BATCH_JOB_EXECUTION_PARAMS`;
/*!40101 SET @saved_cs_client     = @@character_set_client */;
/*!50503 SET character_set_client = utf8mb4 */;
CREATE TABLE `BATCH_JOB_EXECUTION_PARAMS` (
  `JOB_EXECUTION_ID` bigint NOT NULL,
  `PARAMETER_NAME` varchar(100) NOT NULL,
  `PARAMETER_TYPE` varchar(100) NOT NULL,
  `PARAMETER_VALUE` varchar(2500) DEFAULT NULL,
  `IDENTIFYING` char(1) NOT NULL,
  KEY `JOB_EXEC_PARAMS_FK` (`JOB_EXECUTION_ID`),
  CONSTRAINT `JOB_EXEC_PARAMS_FK` FOREIGN KEY (`JOB_EXECUTION_ID`) REFERENCES `BATCH_JOB_EXECUTION` (`JOB_EXECUTION_ID`)
) ENGINE=InnoDB DEFAULT CHARSET=utf8mb4 COLLATE=utf8mb4_0900_ai_ci;
/*!40101 SET character_set_client = @saved_cs_client */;

--
-- Dumping data for table `BATCH_JOB_EXECUTION_PARAMS`
--

LOCK TABLES `BATCH_JOB_EXECUTION_PARAMS` WRITE;
/*!40000 ALTER TABLE `BATCH_JOB_EXECUTION_PARAMS` DISABLE KEYS */;
INSERT INTO `BATCH_JOB_EXECUTION_PARAMS` VALUES (1,'run.id','java.lang.Long','1','Y'),(2,'run.id','java.lang.Long','2','Y'),(3,'time','java.lang.Long','1716116400004','Y'),(4,'run.id','java.lang.Long','1','Y'),(4,'time','java.lang.Long','1716116400004','Y'),(5,'run.id','java.lang.Long','2','Y'),(5,'time','java.lang.Long','1716116400004','Y'),(6,'run.id','java.lang.Long','3','Y'),(6,'time','java.lang.Long','1716116400004','Y'),(7,'run.id','java.lang.Long','4','Y'),(7,'time','java.lang.Long','1716116400004','Y'),(8,'run.id','java.lang.Long','5','Y'),(8,'time','java.lang.Long','1716116400004','Y'),(9,'run.id','java.lang.Long','6','Y'),(9,'time','java.lang.Long','1716116400004','Y'),(10,'time','java.lang.Long','1716120000004','Y'),(11,'run.id','java.lang.Long','1','Y'),(11,'time','java.lang.Long','1716120000004','Y'),(12,'run.id','java.lang.Long','2','Y'),(12,'time','java.lang.Long','1716120000004','Y'),(13,'run.id','java.lang.Long','3','Y'),(13,'time','java.lang.Long','1716120000004','Y'),(14,'run.id','java.lang.Long','4','Y'),(14,'time','java.lang.Long','1716120000004','Y'),(15,'run.id','java.lang.Long','5','Y'),(15,'time','java.lang.Long','1716120000004','Y'),(16,'run.id','java.lang.Long','6','Y'),(16,'time','java.lang.Long','1716120000004','Y'),(17,'run.id','java.lang.Long','7','Y'),(17,'time','java.lang.Long','1716120000004','Y'),(18,'run.id','java.lang.Long','8','Y'),(18,'time','java.lang.Long','1716120000004','Y'),(19,'run.id','java.lang.Long','9','Y'),(19,'time','java.lang.Long','1716120000004','Y'),(20,'time','java.lang.Long','1716123600009','Y'),(21,'time','java.lang.Long','1716123600008','Y'),(22,'run.id','java.lang.Long','1','Y'),(22,'time','java.lang.Long','1716123600008','Y'),(23,'run.id','java.lang.Long','2','Y'),(23,'time','java.lang.Long','1716123600008','Y'),(24,'run.id','java.lang.Long','3','Y'),(24,'time','java.lang.Long','1716123600008','Y'),(25,'run.id','java.lang.Long','4','Y'),(25,'time','java.lang.Long','1716123600008','Y'),(26,'run.id','java.lang.Long','5','Y'),(26,'time','java.lang.Long','1716123600008','Y'),(27,'run.id','java.lang.Long','6','Y'),(27,'time','java.lang.Long','1716123600008','Y'),(28,'run.id','java.lang.Long','7','Y'),(28,'time','java.lang.Long','1716123600008','Y'),(29,'run.id','java.lang.Long','8','Y'),(29,'time','java.lang.Long','1716123600008','Y'),(30,'time','java.lang.Long','1716127200003','Y'),(31,'run.id','java.lang.Long','1','Y'),(31,'time','java.lang.Long','1716127200003','Y'),(32,'run.id','java.lang.Long','2','Y'),(32,'time','java.lang.Long','1716127200003','Y'),(33,'run.id','java.lang.Long','3','Y'),(33,'time','java.lang.Long','1716127200003','Y'),(34,'run.id','java.lang.Long','4','Y'),(34,'time','java.lang.Long','1716127200003','Y'),(35,'run.id','java.lang.Long','5','Y'),(35,'time','java.lang.Long','1716127200003','Y'),(36,'run.id','java.lang.Long','6','Y'),(36,'time','java.lang.Long','1716127200003','Y'),(37,'run.id','java.lang.Long','7','Y'),(37,'time','java.lang.Long','1716127200003','Y'),(38,'run.id','java.lang.Long','8','Y'),(38,'time','java.lang.Long','1716127200003','Y'),(39,'run.id','java.lang.Long','9','Y'),(39,'time','java.lang.Long','1716127200003','Y'),(40,'time','java.lang.Long','1716130800003','Y'),(41,'run.id','java.lang.Long','1','Y'),(41,'time','java.lang.Long','1716130800003','Y'),(42,'run.id','java.lang.Long','2','Y'),(42,'time','java.lang.Long','1716130800003','Y'),(43,'run.id','java.lang.Long','3','Y'),(43,'time','java.lang.Long','1716130800003','Y'),(44,'run.id','java.lang.Long','4','Y'),(44,'time','java.lang.Long','1716130800003','Y'),(45,'time','java.lang.Long','1716134400003','Y'),(46,'run.id','java.lang.Long','1','Y'),(46,'time','java.lang.Long','1716134400003','Y'),(47,'run.id','java.lang.Long','2','Y'),(47,'time','java.lang.Long','1716134400003','Y'),(48,'run.id','java.lang.Long','3','Y'),(48,'time','java.lang.Long','1716134400003','Y'),(49,'run.id','java.lang.Long','4','Y'),(49,'time','java.lang.Long','1716134400003','Y'),(50,'run.id','java.lang.Long','5','Y'),(50,'time','java.lang.Long','1716134400003','Y'),(51,'run.id','java.lang.Long','6','Y'),(51,'time','java.lang.Long','1716134400003','Y'),(52,'run.id','java.lang.Long','7','Y'),(52,'time','java.lang.Long','1716134400003','Y'),(53,'run.id','java.lang.Long','8','Y'),(53,'time','java.lang.Long','1716134400003','Y'),(54,'time','java.lang.Long','1716138000005','Y');
/*!40000 ALTER TABLE `BATCH_JOB_EXECUTION_PARAMS` ENABLE KEYS */;
UNLOCK TABLES;

--
-- Table structure for table `BATCH_JOB_EXECUTION_SEQ`
--

DROP TABLE IF EXISTS `BATCH_JOB_EXECUTION_SEQ`;
/*!40101 SET @saved_cs_client     = @@character_set_client */;
/*!50503 SET character_set_client = utf8mb4 */;
CREATE TABLE `BATCH_JOB_EXECUTION_SEQ` (
  `ID` bigint NOT NULL,
  `UNIQUE_KEY` char(1) NOT NULL,
  UNIQUE KEY `UNIQUE_KEY_UN` (`UNIQUE_KEY`)
) ENGINE=InnoDB DEFAULT CHARSET=utf8mb4 COLLATE=utf8mb4_0900_ai_ci;
/*!40101 SET character_set_client = @saved_cs_client */;

--
-- Dumping data for table `BATCH_JOB_EXECUTION_SEQ`
--

LOCK TABLES `BATCH_JOB_EXECUTION_SEQ` WRITE;
/*!40000 ALTER TABLE `BATCH_JOB_EXECUTION_SEQ` DISABLE KEYS */;
INSERT INTO `BATCH_JOB_EXECUTION_SEQ` VALUES (54,'0');
/*!40000 ALTER TABLE `BATCH_JOB_EXECUTION_SEQ` ENABLE KEYS */;
UNLOCK TABLES;

--
-- Table structure for table `BATCH_JOB_INSTANCE`
--

DROP TABLE IF EXISTS `BATCH_JOB_INSTANCE`;
/*!40101 SET @saved_cs_client     = @@character_set_client */;
/*!50503 SET character_set_client = utf8mb4 */;
CREATE TABLE `BATCH_JOB_INSTANCE` (
  `JOB_INSTANCE_ID` bigint NOT NULL,
  `VERSION` bigint DEFAULT NULL,
  `JOB_NAME` varchar(100) NOT NULL,
  `JOB_KEY` varchar(32) NOT NULL,
  PRIMARY KEY (`JOB_INSTANCE_ID`),
  UNIQUE KEY `JOB_INST_UN` (`JOB_NAME`,`JOB_KEY`)
) ENGINE=InnoDB DEFAULT CHARSET=utf8mb4 COLLATE=utf8mb4_0900_ai_ci;
/*!40101 SET character_set_client = @saved_cs_client */;

--
-- Dumping data for table `BATCH_JOB_INSTANCE`
--

LOCK TABLES `BATCH_JOB_INSTANCE` WRITE;
/*!40000 ALTER TABLE `BATCH_JOB_INSTANCE` DISABLE KEYS */;
INSERT INTO `BATCH_JOB_INSTANCE` VALUES (1,0,'productJob','947cce338b790a4bb6cf8425e98bcf94'),(2,0,'productJob','873184ac21ff8558bbd5b28473daefc6'),(3,0,'productJob','a1e155317ec4035ec274beaed91f6f50'),(4,0,'productJob','a23d052477ccf1ecc6cf6151a6a532de'),(5,0,'productJob','2754e702a0c7e617417c33d71c1accdb'),(6,0,'productJob','8471fb1efa8981fa33f4f758da3e175d'),(7,0,'productJob','5bc76d87990c3c1a8ab9bf78fa601ca3'),(8,0,'productJob','79a5d34b7929cb96b3a1e27d03783181'),(9,0,'productJob','8afab4d723280f081500c6afe4d36439'),(10,0,'productJob','90f55b6ba78ada8d514100a1e8dc4dd8'),(11,0,'productJob','4ded280ff914880adfbc654f5271142a'),(12,0,'productJob','e95a87a2f2ba8c44f40d2ea3f30304bc'),(13,0,'productJob','2f25f0528cb8d7c3f0e23bc1deb9c05c'),(14,0,'productJob','3ee225e13d6a56c430cd79dbf94d50bc'),(15,0,'productJob','6b09d9f891e4b6dde0d136ea7865c303'),(16,0,'productJob','23225e826b1b79ef61e4849fa9f40eef'),(17,0,'productJob','eb1afc3886981871348edefacc16bc49'),(18,0,'productJob','88c69fed7ada3d611fbaa1dc27299a0e'),(19,0,'productJob','fb1265acde4c3532472a2c46bfb76530'),(20,0,'productJob','84f008971205679f0b826d26e1e61505'),(21,0,'productJob','63a5285f832680dd27bd5b434e54c7f7'),(22,0,'productJob','1e67669840a4d100075b6f1cd10e7cab'),(23,0,'productJob','889ac37a505b19d7e9db838e29d528a0'),(25,0,'productJob','c5aad090fe586d0e49beaa9bea31a6c4'),(26,0,'productJob','b5ed2f41556a1eebabc52c4f587a004f'),(27,0,'productJob','f3d15400b56501bb9931fa14b43939cf'),(28,0,'productJob','e514379ee0b6d45d69a57ef54bf88386'),(29,0,'productJob','87d01b76d867207cb47e711eedc48ef0'),(30,0,'productJob','56a9eb25c84395bc5979d5ccfc7cd1ad'),(31,0,'productJob','00351924900a727652d175b030fdc08f'),(32,0,'productJob','b1af0b98332bc9fcdec3912995eb9599'),(33,0,'productJob','d27bb19b7c629ae66e1047bcdf758866'),(34,0,'productJob','72b578cd4673ac809569793f102187b8'),(35,0,'productJob','006a4dd33093a4ea5b10697d7630eab1'),(36,0,'productJob','001ef7b58d009a19db246408b5fd0b89'),(37,0,'productJob','7545b5ef65ef523b213cc7260c458e1e'),(38,0,'productJob','0ebfdaaf709b1fe2fc5a8befeace7c10'),(39,0,'productJob','57a0355f7aafcf9df199d56f46a7addb'),(40,0,'productJob','b65e8be1c06ac188526f77c357fb7e74'),(41,0,'productJob','1b9a1cf04b9bbbf5c286ac6885713ef0'),(42,0,'productJob','03fb2671044ac3c2019b104adb8c062f'),(43,0,'productJob','b1f1edb9b0c13cb2d37715313a45e8c2'),(44,0,'productJob','99935deb03cdf5de70e12559ba25e240'),(45,0,'productJob','8b07341e09d3c4b1188838d4c337032d'),(46,0,'productJob','c67aad68d5b0a5f58f5f2887031b1706'),(47,0,'productJob','5e40f8908a4204bfa1a66ce232dba402'),(48,0,'productJob','eff66b4539da4d377a15093e07adb970'),(49,0,'productJob','78d9c8ca97ae40f17637d321f0acdb8a'),(50,0,'productJob','6d0b0ca19fa812d448414d52b8646f4f'),(51,0,'productJob','06106f13b823d4a9b1a2914062a9d659'),(52,0,'productJob','d0f7907dd6fb8d7836941fae43889d02'),(53,0,'productJob','6165e40460d4c89144ebfa60e5f03c9a'),(54,0,'productJob','1775c0d2960643d0abb014defebf9dd9'),(55,0,'productJob','c4dace4f9fd1d2791cd67db3f75ae16a');
/*!40000 ALTER TABLE `BATCH_JOB_INSTANCE` ENABLE KEYS */;
UNLOCK TABLES;

--
-- Table structure for table `BATCH_JOB_SEQ`
--

DROP TABLE IF EXISTS `BATCH_JOB_SEQ`;
/*!40101 SET @saved_cs_client     = @@character_set_client */;
/*!50503 SET character_set_client = utf8mb4 */;
CREATE TABLE `BATCH_JOB_SEQ` (
  `ID` bigint NOT NULL,
  `UNIQUE_KEY` char(1) NOT NULL,
  UNIQUE KEY `UNIQUE_KEY_UN` (`UNIQUE_KEY`)
) ENGINE=InnoDB DEFAULT CHARSET=utf8mb4 COLLATE=utf8mb4_0900_ai_ci;
/*!40101 SET character_set_client = @saved_cs_client */;

--
-- Dumping data for table `BATCH_JOB_SEQ`
--

LOCK TABLES `BATCH_JOB_SEQ` WRITE;
/*!40000 ALTER TABLE `BATCH_JOB_SEQ` DISABLE KEYS */;
INSERT INTO `BATCH_JOB_SEQ` VALUES (55,'0');
/*!40000 ALTER TABLE `BATCH_JOB_SEQ` ENABLE KEYS */;
UNLOCK TABLES;

--
-- Table structure for table `BATCH_STEP_EXECUTION`
--

DROP TABLE IF EXISTS `BATCH_STEP_EXECUTION`;
/*!40101 SET @saved_cs_client     = @@character_set_client */;
/*!50503 SET character_set_client = utf8mb4 */;
CREATE TABLE `BATCH_STEP_EXECUTION` (
  `STEP_EXECUTION_ID` bigint NOT NULL,
  `VERSION` bigint NOT NULL,
  `STEP_NAME` varchar(100) NOT NULL,
  `JOB_EXECUTION_ID` bigint NOT NULL,
  `CREATE_TIME` datetime(6) NOT NULL,
  `START_TIME` datetime(6) DEFAULT NULL,
  `END_TIME` datetime(6) DEFAULT NULL,
  `STATUS` varchar(10) DEFAULT NULL,
  `COMMIT_COUNT` bigint DEFAULT NULL,
  `READ_COUNT` bigint DEFAULT NULL,
  `FILTER_COUNT` bigint DEFAULT NULL,
  `WRITE_COUNT` bigint DEFAULT NULL,
  `READ_SKIP_COUNT` bigint DEFAULT NULL,
  `WRITE_SKIP_COUNT` bigint DEFAULT NULL,
  `PROCESS_SKIP_COUNT` bigint DEFAULT NULL,
  `ROLLBACK_COUNT` bigint DEFAULT NULL,
  `EXIT_CODE` varchar(2500) DEFAULT NULL,
  `EXIT_MESSAGE` varchar(2500) DEFAULT NULL,
  `LAST_UPDATED` datetime(6) DEFAULT NULL,
  PRIMARY KEY (`STEP_EXECUTION_ID`),
  KEY `JOB_EXEC_STEP_FK` (`JOB_EXECUTION_ID`),
  CONSTRAINT `JOB_EXEC_STEP_FK` FOREIGN KEY (`JOB_EXECUTION_ID`) REFERENCES `BATCH_JOB_EXECUTION` (`JOB_EXECUTION_ID`)
) ENGINE=InnoDB DEFAULT CHARSET=utf8mb4 COLLATE=utf8mb4_0900_ai_ci;
/*!40101 SET character_set_client = @saved_cs_client */;

--
-- Dumping data for table `BATCH_STEP_EXECUTION`
--

LOCK TABLES `BATCH_STEP_EXECUTION` WRITE;
/*!40000 ALTER TABLE `BATCH_STEP_EXECUTION` DISABLE KEYS */;
INSERT INTO `BATCH_STEP_EXECUTION` VALUES (1,7,'productAlarmStep',1,'2024-05-19 10:42:49.152288','2024-05-19 10:42:49.226316','2024-05-19 10:42:50.180732','COMPLETED',5,0,0,0,0,0,0,0,'COMPLETED','','2024-05-19 10:42:50.183714'),(2,7,'productAlarmStep',2,'2024-05-19 10:45:10.042825','2024-05-19 10:45:10.072733','2024-05-19 10:45:11.037137','COMPLETED',5,0,0,0,0,0,0,0,'COMPLETED','','2024-05-19 10:45:11.039253'),(3,7,'productAlarmStep',3,'2024-05-19 11:00:00.110552','2024-05-19 11:00:00.133218','2024-05-19 11:00:00.222585','COMPLETED',5,0,0,0,0,0,0,0,'COMPLETED','','2024-05-19 11:00:00.223505'),(4,7,'productAlarmStep',4,'2024-05-19 11:29:54.444597','2024-05-19 11:29:54.508669','2024-05-19 11:29:55.286135','COMPLETED',5,0,0,0,0,0,0,0,'COMPLETED','','2024-05-19 11:29:55.288566'),(5,7,'productAlarmStep',5,'2024-05-19 11:36:07.360850','2024-05-19 11:36:07.394832','2024-05-19 11:36:08.774503','COMPLETED',5,0,0,0,0,0,0,0,'COMPLETED','','2024-05-19 11:36:08.778282'),(6,7,'productAlarmStep',6,'2024-05-19 11:36:40.056318','2024-05-19 11:36:40.087726','2024-05-19 11:36:40.845321','COMPLETED',5,0,0,0,0,0,0,0,'COMPLETED','','2024-05-19 11:36:40.847863'),(7,7,'productAlarmStep',7,'2024-05-19 11:36:45.934485','2024-05-19 11:36:45.962078','2024-05-19 11:36:46.917931','COMPLETED',5,0,0,0,0,0,0,0,'COMPLETED','','2024-05-19 11:36:46.920786'),(8,7,'productAlarmStep',8,'2024-05-19 11:36:47.720666','2024-05-19 11:36:47.751732','2024-05-19 11:36:48.747998','COMPLETED',5,0,0,0,0,0,0,0,'COMPLETED','','2024-05-19 11:36:48.750379'),(9,7,'productAlarmStep',9,'2024-05-19 11:36:48.762150','2024-05-19 11:36:48.810096','2024-05-19 11:36:49.776455','COMPLETED',5,0,0,0,0,0,0,0,'COMPLETED','','2024-05-19 11:36:49.779096'),(10,7,'productAlarmStep',10,'2024-05-19 12:00:00.099690','2024-05-19 12:00:00.122984','2024-05-19 12:00:00.263044','COMPLETED',5,0,0,0,0,0,0,0,'COMPLETED','','2024-05-19 12:00:00.265261'),(11,7,'productAlarmStep',11,'2024-05-19 12:01:26.939495','2024-05-19 12:01:26.975678','2024-05-19 12:01:28.435870','COMPLETED',5,0,0,0,0,0,0,0,'COMPLETED','','2024-05-19 12:01:28.438672'),(12,7,'productAlarmStep',12,'2024-05-19 12:01:56.650139','2024-05-19 12:01:56.668512','2024-05-19 12:01:57.392368','COMPLETED',5,0,0,0,0,0,0,0,'COMPLETED','','2024-05-19 12:01:57.394003'),(13,7,'productAlarmStep',13,'2024-05-19 12:02:02.653740','2024-05-19 12:02:02.683503','2024-05-19 12:02:03.610544','COMPLETED',5,0,0,0,0,0,0,0,'COMPLETED','','2024-05-19 12:02:03.613195'),(14,7,'productAlarmStep',14,'2024-05-19 12:02:03.080195','2024-05-19 12:02:03.106284','2024-05-19 12:02:04.071145','COMPLETED',5,0,0,0,0,0,0,0,'COMPLETED','','2024-05-19 12:02:04.073506'),(15,7,'productAlarmStep',15,'2024-05-19 12:02:06.928406','2024-05-19 12:02:06.962103','2024-05-19 12:02:07.940698','COMPLETED',5,0,0,0,0,0,0,0,'COMPLETED','','2024-05-19 12:02:07.943334'),(16,7,'productAlarmStep',16,'2024-05-19 12:03:42.769992','2024-05-19 12:03:42.804104','2024-05-19 12:03:43.669368','COMPLETED',5,0,0,0,0,0,0,0,'COMPLETED','','2024-05-19 12:03:43.672293'),(17,7,'productAlarmStep',17,'2024-05-19 12:09:47.611901','2024-05-19 12:09:47.642377','2024-05-19 12:09:48.733556','COMPLETED',5,0,0,0,0,0,0,0,'COMPLETED','','2024-05-19 12:09:48.736397'),(18,7,'productAlarmStep',18,'2024-05-19 12:17:59.041201','2024-05-19 12:17:59.074342','2024-05-19 12:18:00.533369','COMPLETED',5,0,0,0,0,0,0,0,'COMPLETED','','2024-05-19 12:18:00.552005'),(19,7,'productAlarmStep',19,'2024-05-19 12:34:19.911945','2024-05-19 12:34:19.942663','2024-05-19 12:34:21.143839','COMPLETED',5,0,0,0,0,0,0,0,'COMPLETED','','2024-05-19 12:34:21.147198'),(20,7,'productAlarmStep',20,'2024-05-19 13:00:00.174978','2024-05-19 13:00:00.204957','2024-05-19 13:00:00.340863','COMPLETED',5,0,0,0,0,0,0,0,'COMPLETED','','2024-05-19 13:00:00.342897'),(21,7,'productAlarmStep',21,'2024-05-19 13:00:00.435596','2024-05-19 13:00:00.523428','2024-05-19 13:00:00.616383','COMPLETED',5,0,0,0,0,0,0,0,'COMPLETED','','2024-05-19 13:00:00.617791'),(22,7,'productAlarmStep',22,'2024-05-19 13:22:29.215442','2024-05-19 13:22:29.260787','2024-05-19 13:22:30.483497','COMPLETED',5,0,0,0,0,0,0,0,'COMPLETED','','2024-05-19 13:22:30.510131'),(23,7,'productAlarmStep',23,'2024-05-19 13:49:51.126691','2024-05-19 13:49:51.208316','2024-05-19 13:49:52.043770','COMPLETED',5,0,0,0,0,0,0,0,'COMPLETED','','2024-05-19 13:49:52.046610'),(24,7,'productAlarmStep',24,'2024-05-19 13:50:14.293692','2024-05-19 13:50:14.341782','2024-05-19 13:50:15.092960','COMPLETED',5,0,0,0,0,0,0,0,'COMPLETED','','2024-05-19 13:50:15.095812'),(25,7,'productAlarmStep',25,'2024-05-19 13:51:55.148633','2024-05-19 13:51:55.211041','2024-05-19 13:51:56.923588','COMPLETED',5,0,0,0,0,0,0,0,'COMPLETED','','2024-05-19 13:51:56.928462'),(26,7,'productAlarmStep',26,'2024-05-19 13:51:55.780498','2024-05-19 13:51:55.831259','2024-05-19 13:51:57.133189','COMPLETED',5,0,0,0,0,0,0,0,'COMPLETED','','2024-05-19 13:51:57.142252'),(27,7,'productAlarmStep',27,'2024-05-19 13:52:21.255901','2024-05-19 13:52:21.296451','2024-05-19 13:52:23.536913','COMPLETED',5,0,0,0,0,0,0,0,'COMPLETED','','2024-05-19 13:52:23.544308'),(28,7,'productAlarmStep',28,'2024-05-19 13:52:22.833442','2024-05-19 13:52:22.901224','2024-05-19 13:52:24.565906','COMPLETED',5,0,0,0,0,0,0,0,'COMPLETED','','2024-05-19 13:52:24.580366'),(29,7,'productAlarmStep',29,'2024-05-19 13:57:53.846329','2024-05-19 13:57:53.875160','2024-05-19 13:57:54.872753','COMPLETED',5,0,0,0,0,0,0,0,'COMPLETED','','2024-05-19 13:57:54.876689'),(30,7,'productAlarmStep',30,'2024-05-19 14:00:00.101269','2024-05-19 14:00:00.132401','2024-05-19 14:00:00.336382','COMPLETED',5,1,0,1,0,0,0,0,'COMPLETED','','2024-05-19 14:00:00.337824'),(31,7,'productAlarmStep',31,'2024-05-19 14:12:06.927076','2024-05-19 14:12:06.981679','2024-05-19 14:12:08.147250','COMPLETED',5,1,0,1,0,0,0,0,'COMPLETED','','2024-05-19 14:12:08.149768'),(32,7,'productAlarmStep',32,'2024-05-19 14:12:20.154328','2024-05-19 14:12:20.172808','2024-05-19 14:12:21.089437','COMPLETED',5,1,0,1,0,0,0,0,'COMPLETED','','2024-05-19 14:12:21.095259'),(33,7,'productAlarmStep',33,'2024-05-19 14:12:22.568826','2024-05-19 14:12:22.594760','2024-05-19 14:12:23.730020','COMPLETED',5,1,0,1,0,0,0,0,'COMPLETED','','2024-05-19 14:12:23.739158'),(34,7,'productAlarmStep',34,'2024-05-19 14:12:42.549341','2024-05-19 14:12:42.574813','2024-05-19 14:12:44.059128','COMPLETED',5,1,0,1,0,0,0,0,'COMPLETED','','2024-05-19 14:12:44.062773'),(35,7,'productAlarmStep',35,'2024-05-19 14:13:27.264163','2024-05-19 14:13:27.316955','2024-05-19 14:13:28.108748','COMPLETED',5,1,0,1,0,0,0,0,'COMPLETED','','2024-05-19 14:13:28.116528'),(36,7,'productAlarmStep',36,'2024-05-19 14:41:36.758840','2024-05-19 14:41:36.796972','2024-05-19 14:41:37.700752','COMPLETED',5,2,0,2,0,0,0,0,'COMPLETED','','2024-05-19 14:41:37.703179'),(37,7,'productAlarmStep',37,'2024-05-19 14:41:58.667271','2024-05-19 14:41:58.736712','2024-05-19 14:41:59.656382','COMPLETED',5,2,0,2,0,0,0,0,'COMPLETED','','2024-05-19 14:41:59.659698'),(38,7,'productAlarmStep',38,'2024-05-19 14:42:01.576651','2024-05-19 14:42:01.625700','2024-05-19 14:42:03.470127','COMPLETED',5,2,0,2,0,0,0,0,'COMPLETED','','2024-05-19 14:42:03.492535'),(39,7,'productAlarmStep',39,'2024-05-19 14:42:02.668793','2024-05-19 14:42:02.722827','2024-05-19 14:42:05.663334','COMPLETED',5,2,0,2,0,0,0,0,'COMPLETED','','2024-05-19 14:42:05.686017'),(40,7,'productAlarmStep',40,'2024-05-19 15:00:00.120824','2024-05-19 15:00:00.140860','2024-05-19 15:00:00.266092','COMPLETED',5,2,0,2,0,0,0,0,'COMPLETED','','2024-05-19 15:00:00.267074'),(41,7,'productAlarmStep',41,'2024-05-19 15:15:31.065512','2024-05-19 15:15:31.120166','2024-05-19 15:15:32.393000','COMPLETED',5,2,0,2,0,0,0,0,'COMPLETED','','2024-05-19 15:15:32.396494'),(42,7,'productAlarmStep',42,'2024-05-19 15:25:34.483766','2024-05-19 15:25:34.533521','2024-05-19 15:25:35.863437','COMPLETED',5,2,0,2,0,0,0,0,'COMPLETED','','2024-05-19 15:25:35.872475'),(43,7,'productAlarmStep',43,'2024-05-19 15:43:29.933626','2024-05-19 15:43:29.965318','2024-05-19 15:43:31.077010','COMPLETED',5,2,0,2,0,0,0,0,'COMPLETED','','2024-05-19 15:43:31.080273'),(44,7,'productAlarmStep',44,'2024-05-19 15:48:04.669146','2024-05-19 15:48:04.719848','2024-05-19 15:48:05.515824','COMPLETED',5,2,0,2,0,0,0,0,'COMPLETED','','2024-05-19 15:48:05.517649'),(45,7,'productAlarmStep',45,'2024-05-19 16:00:00.131452','2024-05-19 16:00:00.154823','2024-05-19 16:00:00.263879','COMPLETED',5,2,0,2,0,0,0,0,'COMPLETED','','2024-05-19 16:00:00.264870'),(46,7,'productAlarmStep',46,'2024-05-19 16:05:30.148267','2024-05-19 16:05:30.217628','2024-05-19 16:05:31.158319','COMPLETED',5,2,0,2,0,0,0,0,'COMPLETED','','2024-05-19 16:05:31.160497'),(47,7,'productAlarmStep',47,'2024-05-19 16:23:37.467478','2024-05-19 16:23:37.497554','2024-05-19 16:23:38.718262','COMPLETED',5,2,0,2,0,0,0,0,'COMPLETED','','2024-05-19 16:23:38.724261'),(48,7,'productAlarmStep',48,'2024-05-19 16:26:15.432816','2024-05-19 16:26:15.459501','2024-05-19 16:26:16.666169','COMPLETED',5,2,0,2,0,0,0,0,'COMPLETED','','2024-05-19 16:26:16.672506'),(49,7,'productAlarmStep',49,'2024-05-19 16:49:03.724462','2024-05-19 16:49:03.773717','2024-05-19 16:49:05.234165','COMPLETED',5,2,0,2,0,0,0,0,'COMPLETED','','2024-05-19 16:49:05.240520'),(50,7,'productAlarmStep',50,'2024-05-19 16:49:17.292970','2024-05-19 16:49:17.342026','2024-05-19 16:49:18.211517','COMPLETED',5,2,0,2,0,0,0,0,'COMPLETED','','2024-05-19 16:49:18.215110'),(51,7,'productAlarmStep',51,'2024-05-19 16:49:22.139261','2024-05-19 16:49:22.166562','2024-05-19 16:49:23.335839','COMPLETED',5,2,0,2,0,0,0,0,'COMPLETED','','2024-05-19 16:49:23.338875'),(52,7,'productAlarmStep',52,'2024-05-19 16:49:22.938472','2024-05-19 16:49:22.969899','2024-05-19 16:49:24.068109','COMPLETED',5,2,0,2,0,0,0,0,'COMPLETED','','2024-05-19 16:49:24.071148'),(53,7,'productAlarmStep',53,'2024-05-19 16:49:34.284589','2024-05-19 16:49:34.341317','2024-05-19 16:49:35.437613','COMPLETED',5,2,0,2,0,0,0,0,'COMPLETED','','2024-05-19 16:49:35.441209'),(54,7,'productAlarmStep',54,'2024-05-19 17:00:00.134227','2024-05-19 17:00:00.159007','2024-05-19 17:00:00.298233','COMPLETED',5,2,0,2,0,0,0,0,'COMPLETED','','2024-05-19 17:00:00.299544');
/*!40000 ALTER TABLE `BATCH_STEP_EXECUTION` ENABLE KEYS */;
UNLOCK TABLES;

--
-- Table structure for table `BATCH_STEP_EXECUTION_CONTEXT`
--

DROP TABLE IF EXISTS `BATCH_STEP_EXECUTION_CONTEXT`;
/*!40101 SET @saved_cs_client     = @@character_set_client */;
/*!50503 SET character_set_client = utf8mb4 */;
CREATE TABLE `BATCH_STEP_EXECUTION_CONTEXT` (
  `STEP_EXECUTION_ID` bigint NOT NULL,
  `SHORT_CONTEXT` varchar(2500) NOT NULL,
  `SERIALIZED_CONTEXT` text,
  PRIMARY KEY (`STEP_EXECUTION_ID`),
  CONSTRAINT `STEP_EXEC_CTX_FK` FOREIGN KEY (`STEP_EXECUTION_ID`) REFERENCES `BATCH_STEP_EXECUTION` (`STEP_EXECUTION_ID`)
) ENGINE=InnoDB DEFAULT CHARSET=utf8mb4 COLLATE=utf8mb4_0900_ai_ci;
/*!40101 SET character_set_client = @saved_cs_client */;

--
-- Dumping data for table `BATCH_STEP_EXECUTION_CONTEXT`
--

LOCK TABLES `BATCH_STEP_EXECUTION_CONTEXT` WRITE;
/*!40000 ALTER TABLE `BATCH_STEP_EXECUTION_CONTEXT` DISABLE KEYS */;
INSERT INTO `BATCH_STEP_EXECUTION_CONTEXT` VALUES (1,'rO0ABXNyABFqYXZhLnV0aWwuSGFzaE1hcAUH2sHDFmDRAwACRgAKbG9hZEZhY3RvckkACXRocmVzaG9sZHhwP0AAAAAAAAx3CAAAABAAAAAEdAAdcHJvZHVjdEFsYXJtUmVhZGVyLnJlYWQuY291bnRzcgARamF2YS5sYW5nLkludGVnZXIS4qCk94GHOAIAAUkABXZhbHVleHIAEGphdmEubGFuZy5OdW1iZXKGrJUdC5TgiwIAAHhwAAAABXQAEWJhdGNoLnRhc2tsZXRUeXBldAA9b3JnLnNwcmluZ2ZyYW1ld29yay5iYXRjaC5jb3JlLnN0ZXAuaXRlbS5DaHVua09yaWVudGVkVGFza2xldHQADWJhdGNoLnZlcnNpb250AAU1LjEuMXQADmJhdGNoLnN0ZXBUeXBldAA3b3JnLnNwcmluZ2ZyYW1ld29yay5iYXRjaC5jb3JlLnN0ZXAudGFza2xldC5UYXNrbGV0U3RlcHg=',NULL),(2,'rO0ABXNyABFqYXZhLnV0aWwuSGFzaE1hcAUH2sHDFmDRAwACRgAKbG9hZEZhY3RvckkACXRocmVzaG9sZHhwP0AAAAAAAAx3CAAAABAAAAAEdAAdcHJvZHVjdEFsYXJtUmVhZGVyLnJlYWQuY291bnRzcgARamF2YS5sYW5nLkludGVnZXIS4qCk94GHOAIAAUkABXZhbHVleHIAEGphdmEubGFuZy5OdW1iZXKGrJUdC5TgiwIAAHhwAAAABXQAEWJhdGNoLnRhc2tsZXRUeXBldAA9b3JnLnNwcmluZ2ZyYW1ld29yay5iYXRjaC5jb3JlLnN0ZXAuaXRlbS5DaHVua09yaWVudGVkVGFza2xldHQADWJhdGNoLnZlcnNpb250AAU1LjEuMXQADmJhdGNoLnN0ZXBUeXBldAA3b3JnLnNwcmluZ2ZyYW1ld29yay5iYXRjaC5jb3JlLnN0ZXAudGFza2xldC5UYXNrbGV0U3RlcHg=',NULL),(3,'rO0ABXNyABFqYXZhLnV0aWwuSGFzaE1hcAUH2sHDFmDRAwACRgAKbG9hZEZhY3RvckkACXRocmVzaG9sZHhwP0AAAAAAAAx3CAAAABAAAAAEdAAdcHJvZHVjdEFsYXJtUmVhZGVyLnJlYWQuY291bnRzcgARamF2YS5sYW5nLkludGVnZXIS4qCk94GHOAIAAUkABXZhbHVleHIAEGphdmEubGFuZy5OdW1iZXKGrJUdC5TgiwIAAHhwAAAABXQAEWJhdGNoLnRhc2tsZXRUeXBldAA9b3JnLnNwcmluZ2ZyYW1ld29yay5iYXRjaC5jb3JlLnN0ZXAuaXRlbS5DaHVua09yaWVudGVkVGFza2xldHQADWJhdGNoLnZlcnNpb250AAU1LjEuMXQADmJhdGNoLnN0ZXBUeXBldAA3b3JnLnNwcmluZ2ZyYW1ld29yay5iYXRjaC5jb3JlLnN0ZXAudGFza2xldC5UYXNrbGV0U3RlcHg=',NULL),(4,'rO0ABXNyABFqYXZhLnV0aWwuSGFzaE1hcAUH2sHDFmDRAwACRgAKbG9hZEZhY3RvckkACXRocmVzaG9sZHhwP0AAAAAAAAx3CAAAABAAAAAEdAAdcHJvZHVjdEFsYXJtUmVhZGVyLnJlYWQuY291bnRzcgARamF2YS5sYW5nLkludGVnZXIS4qCk94GHOAIAAUkABXZhbHVleHIAEGphdmEubGFuZy5OdW1iZXKGrJUdC5TgiwIAAHhwAAAABXQAEWJhdGNoLnRhc2tsZXRUeXBldAA9b3JnLnNwcmluZ2ZyYW1ld29yay5iYXRjaC5jb3JlLnN0ZXAuaXRlbS5DaHVua09yaWVudGVkVGFza2xldHQADWJhdGNoLnZlcnNpb250AAU1LjEuMXQADmJhdGNoLnN0ZXBUeXBldAA3b3JnLnNwcmluZ2ZyYW1ld29yay5iYXRjaC5jb3JlLnN0ZXAudGFza2xldC5UYXNrbGV0U3RlcHg=',NULL),(5,'rO0ABXNyABFqYXZhLnV0aWwuSGFzaE1hcAUH2sHDFmDRAwACRgAKbG9hZEZhY3RvckkACXRocmVzaG9sZHhwP0AAAAAAAAx3CAAAABAAAAAEdAAdcHJvZHVjdEFsYXJtUmVhZGVyLnJlYWQuY291bnRzcgARamF2YS5sYW5nLkludGVnZXIS4qCk94GHOAIAAUkABXZhbHVleHIAEGphdmEubGFuZy5OdW1iZXKGrJUdC5TgiwIAAHhwAAAABXQAEWJhdGNoLnRhc2tsZXRUeXBldAA9b3JnLnNwcmluZ2ZyYW1ld29yay5iYXRjaC5jb3JlLnN0ZXAuaXRlbS5DaHVua09yaWVudGVkVGFza2xldHQADWJhdGNoLnZlcnNpb250AAU1LjEuMXQADmJhdGNoLnN0ZXBUeXBldAA3b3JnLnNwcmluZ2ZyYW1ld29yay5iYXRjaC5jb3JlLnN0ZXAudGFza2xldC5UYXNrbGV0U3RlcHg=',NULL),(6,'rO0ABXNyABFqYXZhLnV0aWwuSGFzaE1hcAUH2sHDFmDRAwACRgAKbG9hZEZhY3RvckkACXRocmVzaG9sZHhwP0AAAAAAAAx3CAAAABAAAAAEdAAdcHJvZHVjdEFsYXJtUmVhZGVyLnJlYWQuY291bnRzcgARamF2YS5sYW5nLkludGVnZXIS4qCk94GHOAIAAUkABXZhbHVleHIAEGphdmEubGFuZy5OdW1iZXKGrJUdC5TgiwIAAHhwAAAABXQAEWJhdGNoLnRhc2tsZXRUeXBldAA9b3JnLnNwcmluZ2ZyYW1ld29yay5iYXRjaC5jb3JlLnN0ZXAuaXRlbS5DaHVua09yaWVudGVkVGFza2xldHQADWJhdGNoLnZlcnNpb250AAU1LjEuMXQADmJhdGNoLnN0ZXBUeXBldAA3b3JnLnNwcmluZ2ZyYW1ld29yay5iYXRjaC5jb3JlLnN0ZXAudGFza2xldC5UYXNrbGV0U3RlcHg=',NULL),(7,'rO0ABXNyABFqYXZhLnV0aWwuSGFzaE1hcAUH2sHDFmDRAwACRgAKbG9hZEZhY3RvckkACXRocmVzaG9sZHhwP0AAAAAAAAx3CAAAABAAAAAEdAAdcHJvZHVjdEFsYXJtUmVhZGVyLnJlYWQuY291bnRzcgARamF2YS5sYW5nLkludGVnZXIS4qCk94GHOAIAAUkABXZhbHVleHIAEGphdmEubGFuZy5OdW1iZXKGrJUdC5TgiwIAAHhwAAAABXQAEWJhdGNoLnRhc2tsZXRUeXBldAA9b3JnLnNwcmluZ2ZyYW1ld29yay5iYXRjaC5jb3JlLnN0ZXAuaXRlbS5DaHVua09yaWVudGVkVGFza2xldHQADWJhdGNoLnZlcnNpb250AAU1LjEuMXQADmJhdGNoLnN0ZXBUeXBldAA3b3JnLnNwcmluZ2ZyYW1ld29yay5iYXRjaC5jb3JlLnN0ZXAudGFza2xldC5UYXNrbGV0U3RlcHg=',NULL),(8,'rO0ABXNyABFqYXZhLnV0aWwuSGFzaE1hcAUH2sHDFmDRAwACRgAKbG9hZEZhY3RvckkACXRocmVzaG9sZHhwP0AAAAAAAAx3CAAAABAAAAAEdAAdcHJvZHVjdEFsYXJtUmVhZGVyLnJlYWQuY291bnRzcgARamF2YS5sYW5nLkludGVnZXIS4qCk94GHOAIAAUkABXZhbHVleHIAEGphdmEubGFuZy5OdW1iZXKGrJUdC5TgiwIAAHhwAAAABXQAEWJhdGNoLnRhc2tsZXRUeXBldAA9b3JnLnNwcmluZ2ZyYW1ld29yay5iYXRjaC5jb3JlLnN0ZXAuaXRlbS5DaHVua09yaWVudGVkVGFza2xldHQADWJhdGNoLnZlcnNpb250AAU1LjEuMXQADmJhdGNoLnN0ZXBUeXBldAA3b3JnLnNwcmluZ2ZyYW1ld29yay5iYXRjaC5jb3JlLnN0ZXAudGFza2xldC5UYXNrbGV0U3RlcHg=',NULL),(9,'rO0ABXNyABFqYXZhLnV0aWwuSGFzaE1hcAUH2sHDFmDRAwACRgAKbG9hZEZhY3RvckkACXRocmVzaG9sZHhwP0AAAAAAAAx3CAAAABAAAAAEdAAdcHJvZHVjdEFsYXJtUmVhZGVyLnJlYWQuY291bnRzcgARamF2YS5sYW5nLkludGVnZXIS4qCk94GHOAIAAUkABXZhbHVleHIAEGphdmEubGFuZy5OdW1iZXKGrJUdC5TgiwIAAHhwAAAABXQAEWJhdGNoLnRhc2tsZXRUeXBldAA9b3JnLnNwcmluZ2ZyYW1ld29yay5iYXRjaC5jb3JlLnN0ZXAuaXRlbS5DaHVua09yaWVudGVkVGFza2xldHQADWJhdGNoLnZlcnNpb250AAU1LjEuMXQADmJhdGNoLnN0ZXBUeXBldAA3b3JnLnNwcmluZ2ZyYW1ld29yay5iYXRjaC5jb3JlLnN0ZXAudGFza2xldC5UYXNrbGV0U3RlcHg=',NULL),(10,'rO0ABXNyABFqYXZhLnV0aWwuSGFzaE1hcAUH2sHDFmDRAwACRgAKbG9hZEZhY3RvckkACXRocmVzaG9sZHhwP0AAAAAAAAx3CAAAABAAAAAEdAAdcHJvZHVjdEFsYXJtUmVhZGVyLnJlYWQuY291bnRzcgARamF2YS5sYW5nLkludGVnZXIS4qCk94GHOAIAAUkABXZhbHVleHIAEGphdmEubGFuZy5OdW1iZXKGrJUdC5TgiwIAAHhwAAAABXQAEWJhdGNoLnRhc2tsZXRUeXBldAA9b3JnLnNwcmluZ2ZyYW1ld29yay5iYXRjaC5jb3JlLnN0ZXAuaXRlbS5DaHVua09yaWVudGVkVGFza2xldHQADWJhdGNoLnZlcnNpb250AAU1LjEuMXQADmJhdGNoLnN0ZXBUeXBldAA3b3JnLnNwcmluZ2ZyYW1ld29yay5iYXRjaC5jb3JlLnN0ZXAudGFza2xldC5UYXNrbGV0U3RlcHg=',NULL),(11,'rO0ABXNyABFqYXZhLnV0aWwuSGFzaE1hcAUH2sHDFmDRAwACRgAKbG9hZEZhY3RvckkACXRocmVzaG9sZHhwP0AAAAAAAAx3CAAAABAAAAAEdAAdcHJvZHVjdEFsYXJtUmVhZGVyLnJlYWQuY291bnRzcgARamF2YS5sYW5nLkludGVnZXIS4qCk94GHOAIAAUkABXZhbHVleHIAEGphdmEubGFuZy5OdW1iZXKGrJUdC5TgiwIAAHhwAAAABXQAEWJhdGNoLnRhc2tsZXRUeXBldAA9b3JnLnNwcmluZ2ZyYW1ld29yay5iYXRjaC5jb3JlLnN0ZXAuaXRlbS5DaHVua09yaWVudGVkVGFza2xldHQADWJhdGNoLnZlcnNpb250AAU1LjEuMXQADmJhdGNoLnN0ZXBUeXBldAA3b3JnLnNwcmluZ2ZyYW1ld29yay5iYXRjaC5jb3JlLnN0ZXAudGFza2xldC5UYXNrbGV0U3RlcHg=',NULL),(12,'rO0ABXNyABFqYXZhLnV0aWwuSGFzaE1hcAUH2sHDFmDRAwACRgAKbG9hZEZhY3RvckkACXRocmVzaG9sZHhwP0AAAAAAAAx3CAAAABAAAAAEdAAdcHJvZHVjdEFsYXJtUmVhZGVyLnJlYWQuY291bnRzcgARamF2YS5sYW5nLkludGVnZXIS4qCk94GHOAIAAUkABXZhbHVleHIAEGphdmEubGFuZy5OdW1iZXKGrJUdC5TgiwIAAHhwAAAABXQAEWJhdGNoLnRhc2tsZXRUeXBldAA9b3JnLnNwcmluZ2ZyYW1ld29yay5iYXRjaC5jb3JlLnN0ZXAuaXRlbS5DaHVua09yaWVudGVkVGFza2xldHQADWJhdGNoLnZlcnNpb250AAU1LjEuMXQADmJhdGNoLnN0ZXBUeXBldAA3b3JnLnNwcmluZ2ZyYW1ld29yay5iYXRjaC5jb3JlLnN0ZXAudGFza2xldC5UYXNrbGV0U3RlcHg=',NULL),(13,'rO0ABXNyABFqYXZhLnV0aWwuSGFzaE1hcAUH2sHDFmDRAwACRgAKbG9hZEZhY3RvckkACXRocmVzaG9sZHhwP0AAAAAAAAx3CAAAABAAAAAEdAAdcHJvZHVjdEFsYXJtUmVhZGVyLnJlYWQuY291bnRzcgARamF2YS5sYW5nLkludGVnZXIS4qCk94GHOAIAAUkABXZhbHVleHIAEGphdmEubGFuZy5OdW1iZXKGrJUdC5TgiwIAAHhwAAAABXQAEWJhdGNoLnRhc2tsZXRUeXBldAA9b3JnLnNwcmluZ2ZyYW1ld29yay5iYXRjaC5jb3JlLnN0ZXAuaXRlbS5DaHVua09yaWVudGVkVGFza2xldHQADWJhdGNoLnZlcnNpb250AAU1LjEuMXQADmJhdGNoLnN0ZXBUeXBldAA3b3JnLnNwcmluZ2ZyYW1ld29yay5iYXRjaC5jb3JlLnN0ZXAudGFza2xldC5UYXNrbGV0U3RlcHg=',NULL),(14,'rO0ABXNyABFqYXZhLnV0aWwuSGFzaE1hcAUH2sHDFmDRAwACRgAKbG9hZEZhY3RvckkACXRocmVzaG9sZHhwP0AAAAAAAAx3CAAAABAAAAAEdAAdcHJvZHVjdEFsYXJtUmVhZGVyLnJlYWQuY291bnRzcgARamF2YS5sYW5nLkludGVnZXIS4qCk94GHOAIAAUkABXZhbHVleHIAEGphdmEubGFuZy5OdW1iZXKGrJUdC5TgiwIAAHhwAAAABXQAEWJhdGNoLnRhc2tsZXRUeXBldAA9b3JnLnNwcmluZ2ZyYW1ld29yay5iYXRjaC5jb3JlLnN0ZXAuaXRlbS5DaHVua09yaWVudGVkVGFza2xldHQADWJhdGNoLnZlcnNpb250AAU1LjEuMXQADmJhdGNoLnN0ZXBUeXBldAA3b3JnLnNwcmluZ2ZyYW1ld29yay5iYXRjaC5jb3JlLnN0ZXAudGFza2xldC5UYXNrbGV0U3RlcHg=',NULL),(15,'rO0ABXNyABFqYXZhLnV0aWwuSGFzaE1hcAUH2sHDFmDRAwACRgAKbG9hZEZhY3RvckkACXRocmVzaG9sZHhwP0AAAAAAAAx3CAAAABAAAAAEdAAdcHJvZHVjdEFsYXJtUmVhZGVyLnJlYWQuY291bnRzcgARamF2YS5sYW5nLkludGVnZXIS4qCk94GHOAIAAUkABXZhbHVleHIAEGphdmEubGFuZy5OdW1iZXKGrJUdC5TgiwIAAHhwAAAABXQAEWJhdGNoLnRhc2tsZXRUeXBldAA9b3JnLnNwcmluZ2ZyYW1ld29yay5iYXRjaC5jb3JlLnN0ZXAuaXRlbS5DaHVua09yaWVudGVkVGFza2xldHQADWJhdGNoLnZlcnNpb250AAU1LjEuMXQADmJhdGNoLnN0ZXBUeXBldAA3b3JnLnNwcmluZ2ZyYW1ld29yay5iYXRjaC5jb3JlLnN0ZXAudGFza2xldC5UYXNrbGV0U3RlcHg=',NULL),(16,'rO0ABXNyABFqYXZhLnV0aWwuSGFzaE1hcAUH2sHDFmDRAwACRgAKbG9hZEZhY3RvckkACXRocmVzaG9sZHhwP0AAAAAAAAx3CAAAABAAAAAEdAAdcHJvZHVjdEFsYXJtUmVhZGVyLnJlYWQuY291bnRzcgARamF2YS5sYW5nLkludGVnZXIS4qCk94GHOAIAAUkABXZhbHVleHIAEGphdmEubGFuZy5OdW1iZXKGrJUdC5TgiwIAAHhwAAAABXQAEWJhdGNoLnRhc2tsZXRUeXBldAA9b3JnLnNwcmluZ2ZyYW1ld29yay5iYXRjaC5jb3JlLnN0ZXAuaXRlbS5DaHVua09yaWVudGVkVGFza2xldHQADWJhdGNoLnZlcnNpb250AAU1LjEuMXQADmJhdGNoLnN0ZXBUeXBldAA3b3JnLnNwcmluZ2ZyYW1ld29yay5iYXRjaC5jb3JlLnN0ZXAudGFza2xldC5UYXNrbGV0U3RlcHg=',NULL),(17,'rO0ABXNyABFqYXZhLnV0aWwuSGFzaE1hcAUH2sHDFmDRAwACRgAKbG9hZEZhY3RvckkACXRocmVzaG9sZHhwP0AAAAAAAAx3CAAAABAAAAAEdAAdcHJvZHVjdEFsYXJtUmVhZGVyLnJlYWQuY291bnRzcgARamF2YS5sYW5nLkludGVnZXIS4qCk94GHOAIAAUkABXZhbHVleHIAEGphdmEubGFuZy5OdW1iZXKGrJUdC5TgiwIAAHhwAAAABXQAEWJhdGNoLnRhc2tsZXRUeXBldAA9b3JnLnNwcmluZ2ZyYW1ld29yay5iYXRjaC5jb3JlLnN0ZXAuaXRlbS5DaHVua09yaWVudGVkVGFza2xldHQADWJhdGNoLnZlcnNpb250AAU1LjEuMXQADmJhdGNoLnN0ZXBUeXBldAA3b3JnLnNwcmluZ2ZyYW1ld29yay5iYXRjaC5jb3JlLnN0ZXAudGFza2xldC5UYXNrbGV0U3RlcHg=',NULL),(18,'rO0ABXNyABFqYXZhLnV0aWwuSGFzaE1hcAUH2sHDFmDRAwACRgAKbG9hZEZhY3RvckkACXRocmVzaG9sZHhwP0AAAAAAAAx3CAAAABAAAAAEdAAdcHJvZHVjdEFsYXJtUmVhZGVyLnJlYWQuY291bnRzcgARamF2YS5sYW5nLkludGVnZXIS4qCk94GHOAIAAUkABXZhbHVleHIAEGphdmEubGFuZy5OdW1iZXKGrJUdC5TgiwIAAHhwAAAABXQAEWJhdGNoLnRhc2tsZXRUeXBldAA9b3JnLnNwcmluZ2ZyYW1ld29yay5iYXRjaC5jb3JlLnN0ZXAuaXRlbS5DaHVua09yaWVudGVkVGFza2xldHQADWJhdGNoLnZlcnNpb250AAU1LjEuMXQADmJhdGNoLnN0ZXBUeXBldAA3b3JnLnNwcmluZ2ZyYW1ld29yay5iYXRjaC5jb3JlLnN0ZXAudGFza2xldC5UYXNrbGV0U3RlcHg=',NULL),(19,'rO0ABXNyABFqYXZhLnV0aWwuSGFzaE1hcAUH2sHDFmDRAwACRgAKbG9hZEZhY3RvckkACXRocmVzaG9sZHhwP0AAAAAAAAx3CAAAABAAAAAEdAAdcHJvZHVjdEFsYXJtUmVhZGVyLnJlYWQuY291bnRzcgARamF2YS5sYW5nLkludGVnZXIS4qCk94GHOAIAAUkABXZhbHVleHIAEGphdmEubGFuZy5OdW1iZXKGrJUdC5TgiwIAAHhwAAAABXQAEWJhdGNoLnRhc2tsZXRUeXBldAA9b3JnLnNwcmluZ2ZyYW1ld29yay5iYXRjaC5jb3JlLnN0ZXAuaXRlbS5DaHVua09yaWVudGVkVGFza2xldHQADWJhdGNoLnZlcnNpb250AAU1LjEuMXQADmJhdGNoLnN0ZXBUeXBldAA3b3JnLnNwcmluZ2ZyYW1ld29yay5iYXRjaC5jb3JlLnN0ZXAudGFza2xldC5UYXNrbGV0U3RlcHg=',NULL),(20,'rO0ABXNyABFqYXZhLnV0aWwuSGFzaE1hcAUH2sHDFmDRAwACRgAKbG9hZEZhY3RvckkACXRocmVzaG9sZHhwP0AAAAAAAAx3CAAAABAAAAAEdAAdcHJvZHVjdEFsYXJtUmVhZGVyLnJlYWQuY291bnRzcgARamF2YS5sYW5nLkludGVnZXIS4qCk94GHOAIAAUkABXZhbHVleHIAEGphdmEubGFuZy5OdW1iZXKGrJUdC5TgiwIAAHhwAAAABXQAEWJhdGNoLnRhc2tsZXRUeXBldAA9b3JnLnNwcmluZ2ZyYW1ld29yay5iYXRjaC5jb3JlLnN0ZXAuaXRlbS5DaHVua09yaWVudGVkVGFza2xldHQADWJhdGNoLnZlcnNpb250AAU1LjEuMXQADmJhdGNoLnN0ZXBUeXBldAA3b3JnLnNwcmluZ2ZyYW1ld29yay5iYXRjaC5jb3JlLnN0ZXAudGFza2xldC5UYXNrbGV0U3RlcHg=',NULL),(21,'rO0ABXNyABFqYXZhLnV0aWwuSGFzaE1hcAUH2sHDFmDRAwACRgAKbG9hZEZhY3RvckkACXRocmVzaG9sZHhwP0AAAAAAAAx3CAAAABAAAAAEdAAdcHJvZHVjdEFsYXJtUmVhZGVyLnJlYWQuY291bnRzcgARamF2YS5sYW5nLkludGVnZXIS4qCk94GHOAIAAUkABXZhbHVleHIAEGphdmEubGFuZy5OdW1iZXKGrJUdC5TgiwIAAHhwAAAABXQAEWJhdGNoLnRhc2tsZXRUeXBldAA9b3JnLnNwcmluZ2ZyYW1ld29yay5iYXRjaC5jb3JlLnN0ZXAuaXRlbS5DaHVua09yaWVudGVkVGFza2xldHQADWJhdGNoLnZlcnNpb250AAU1LjEuMXQADmJhdGNoLnN0ZXBUeXBldAA3b3JnLnNwcmluZ2ZyYW1ld29yay5iYXRjaC5jb3JlLnN0ZXAudGFza2xldC5UYXNrbGV0U3RlcHg=',NULL),(22,'rO0ABXNyABFqYXZhLnV0aWwuSGFzaE1hcAUH2sHDFmDRAwACRgAKbG9hZEZhY3RvckkACXRocmVzaG9sZHhwP0AAAAAAAAx3CAAAABAAAAAEdAAdcHJvZHVjdEFsYXJtUmVhZGVyLnJlYWQuY291bnRzcgARamF2YS5sYW5nLkludGVnZXIS4qCk94GHOAIAAUkABXZhbHVleHIAEGphdmEubGFuZy5OdW1iZXKGrJUdC5TgiwIAAHhwAAAABXQAEWJhdGNoLnRhc2tsZXRUeXBldAA9b3JnLnNwcmluZ2ZyYW1ld29yay5iYXRjaC5jb3JlLnN0ZXAuaXRlbS5DaHVua09yaWVudGVkVGFza2xldHQADWJhdGNoLnZlcnNpb250AAU1LjEuMXQADmJhdGNoLnN0ZXBUeXBldAA3b3JnLnNwcmluZ2ZyYW1ld29yay5iYXRjaC5jb3JlLnN0ZXAudGFza2xldC5UYXNrbGV0U3RlcHg=',NULL),(23,'rO0ABXNyABFqYXZhLnV0aWwuSGFzaE1hcAUH2sHDFmDRAwACRgAKbG9hZEZhY3RvckkACXRocmVzaG9sZHhwP0AAAAAAAAx3CAAAABAAAAAEdAAdcHJvZHVjdEFsYXJtUmVhZGVyLnJlYWQuY291bnRzcgARamF2YS5sYW5nLkludGVnZXIS4qCk94GHOAIAAUkABXZhbHVleHIAEGphdmEubGFuZy5OdW1iZXKGrJUdC5TgiwIAAHhwAAAABXQAEWJhdGNoLnRhc2tsZXRUeXBldAA9b3JnLnNwcmluZ2ZyYW1ld29yay5iYXRjaC5jb3JlLnN0ZXAuaXRlbS5DaHVua09yaWVudGVkVGFza2xldHQADWJhdGNoLnZlcnNpb250AAU1LjEuMXQADmJhdGNoLnN0ZXBUeXBldAA3b3JnLnNwcmluZ2ZyYW1ld29yay5iYXRjaC5jb3JlLnN0ZXAudGFza2xldC5UYXNrbGV0U3RlcHg=',NULL),(24,'rO0ABXNyABFqYXZhLnV0aWwuSGFzaE1hcAUH2sHDFmDRAwACRgAKbG9hZEZhY3RvckkACXRocmVzaG9sZHhwP0AAAAAAAAx3CAAAABAAAAAEdAAdcHJvZHVjdEFsYXJtUmVhZGVyLnJlYWQuY291bnRzcgARamF2YS5sYW5nLkludGVnZXIS4qCk94GHOAIAAUkABXZhbHVleHIAEGphdmEubGFuZy5OdW1iZXKGrJUdC5TgiwIAAHhwAAAABXQAEWJhdGNoLnRhc2tsZXRUeXBldAA9b3JnLnNwcmluZ2ZyYW1ld29yay5iYXRjaC5jb3JlLnN0ZXAuaXRlbS5DaHVua09yaWVudGVkVGFza2xldHQADWJhdGNoLnZlcnNpb250AAU1LjEuMXQADmJhdGNoLnN0ZXBUeXBldAA3b3JnLnNwcmluZ2ZyYW1ld29yay5iYXRjaC5jb3JlLnN0ZXAudGFza2xldC5UYXNrbGV0U3RlcHg=',NULL),(25,'rO0ABXNyABFqYXZhLnV0aWwuSGFzaE1hcAUH2sHDFmDRAwACRgAKbG9hZEZhY3RvckkACXRocmVzaG9sZHhwP0AAAAAAAAx3CAAAABAAAAAEdAAdcHJvZHVjdEFsYXJtUmVhZGVyLnJlYWQuY291bnRzcgARamF2YS5sYW5nLkludGVnZXIS4qCk94GHOAIAAUkABXZhbHVleHIAEGphdmEubGFuZy5OdW1iZXKGrJUdC5TgiwIAAHhwAAAABXQAEWJhdGNoLnRhc2tsZXRUeXBldAA9b3JnLnNwcmluZ2ZyYW1ld29yay5iYXRjaC5jb3JlLnN0ZXAuaXRlbS5DaHVua09yaWVudGVkVGFza2xldHQADWJhdGNoLnZlcnNpb250AAU1LjEuMXQADmJhdGNoLnN0ZXBUeXBldAA3b3JnLnNwcmluZ2ZyYW1ld29yay5iYXRjaC5jb3JlLnN0ZXAudGFza2xldC5UYXNrbGV0U3RlcHg=',NULL),(26,'rO0ABXNyABFqYXZhLnV0aWwuSGFzaE1hcAUH2sHDFmDRAwACRgAKbG9hZEZhY3RvckkACXRocmVzaG9sZHhwP0AAAAAAAAx3CAAAABAAAAAEdAAdcHJvZHVjdEFsYXJtUmVhZGVyLnJlYWQuY291bnRzcgARamF2YS5sYW5nLkludGVnZXIS4qCk94GHOAIAAUkABXZhbHVleHIAEGphdmEubGFuZy5OdW1iZXKGrJUdC5TgiwIAAHhwAAAABXQAEWJhdGNoLnRhc2tsZXRUeXBldAA9b3JnLnNwcmluZ2ZyYW1ld29yay5iYXRjaC5jb3JlLnN0ZXAuaXRlbS5DaHVua09yaWVudGVkVGFza2xldHQADWJhdGNoLnZlcnNpb250AAU1LjEuMXQADmJhdGNoLnN0ZXBUeXBldAA3b3JnLnNwcmluZ2ZyYW1ld29yay5iYXRjaC5jb3JlLnN0ZXAudGFza2xldC5UYXNrbGV0U3RlcHg=',NULL),(27,'rO0ABXNyABFqYXZhLnV0aWwuSGFzaE1hcAUH2sHDFmDRAwACRgAKbG9hZEZhY3RvckkACXRocmVzaG9sZHhwP0AAAAAAAAx3CAAAABAAAAAEdAAdcHJvZHVjdEFsYXJtUmVhZGVyLnJlYWQuY291bnRzcgARamF2YS5sYW5nLkludGVnZXIS4qCk94GHOAIAAUkABXZhbHVleHIAEGphdmEubGFuZy5OdW1iZXKGrJUdC5TgiwIAAHhwAAAABXQAEWJhdGNoLnRhc2tsZXRUeXBldAA9b3JnLnNwcmluZ2ZyYW1ld29yay5iYXRjaC5jb3JlLnN0ZXAuaXRlbS5DaHVua09yaWVudGVkVGFza2xldHQADWJhdGNoLnZlcnNpb250AAU1LjEuMXQADmJhdGNoLnN0ZXBUeXBldAA3b3JnLnNwcmluZ2ZyYW1ld29yay5iYXRjaC5jb3JlLnN0ZXAudGFza2xldC5UYXNrbGV0U3RlcHg=',NULL),(28,'rO0ABXNyABFqYXZhLnV0aWwuSGFzaE1hcAUH2sHDFmDRAwACRgAKbG9hZEZhY3RvckkACXRocmVzaG9sZHhwP0AAAAAAAAx3CAAAABAAAAAEdAAdcHJvZHVjdEFsYXJtUmVhZGVyLnJlYWQuY291bnRzcgARamF2YS5sYW5nLkludGVnZXIS4qCk94GHOAIAAUkABXZhbHVleHIAEGphdmEubGFuZy5OdW1iZXKGrJUdC5TgiwIAAHhwAAAABXQAEWJhdGNoLnRhc2tsZXRUeXBldAA9b3JnLnNwcmluZ2ZyYW1ld29yay5iYXRjaC5jb3JlLnN0ZXAuaXRlbS5DaHVua09yaWVudGVkVGFza2xldHQADWJhdGNoLnZlcnNpb250AAU1LjEuMXQADmJhdGNoLnN0ZXBUeXBldAA3b3JnLnNwcmluZ2ZyYW1ld29yay5iYXRjaC5jb3JlLnN0ZXAudGFza2xldC5UYXNrbGV0U3RlcHg=',NULL),(29,'rO0ABXNyABFqYXZhLnV0aWwuSGFzaE1hcAUH2sHDFmDRAwACRgAKbG9hZEZhY3RvckkACXRocmVzaG9sZHhwP0AAAAAAAAx3CAAAABAAAAAEdAAdcHJvZHVjdEFsYXJtUmVhZGVyLnJlYWQuY291bnRzcgARamF2YS5sYW5nLkludGVnZXIS4qCk94GHOAIAAUkABXZhbHVleHIAEGphdmEubGFuZy5OdW1iZXKGrJUdC5TgiwIAAHhwAAAABXQAEWJhdGNoLnRhc2tsZXRUeXBldAA9b3JnLnNwcmluZ2ZyYW1ld29yay5iYXRjaC5jb3JlLnN0ZXAuaXRlbS5DaHVua09yaWVudGVkVGFza2xldHQADWJhdGNoLnZlcnNpb250AAU1LjEuMXQADmJhdGNoLnN0ZXBUeXBldAA3b3JnLnNwcmluZ2ZyYW1ld29yay5iYXRjaC5jb3JlLnN0ZXAudGFza2xldC5UYXNrbGV0U3RlcHg=',NULL),(30,'rO0ABXNyABFqYXZhLnV0aWwuSGFzaE1hcAUH2sHDFmDRAwACRgAKbG9hZEZhY3RvckkACXRocmVzaG9sZHhwP0AAAAAAAAx3CAAAABAAAAAEdAAdcHJvZHVjdEFsYXJtUmVhZGVyLnJlYWQuY291bnRzcgARamF2YS5sYW5nLkludGVnZXIS4qCk94GHOAIAAUkABXZhbHVleHIAEGphdmEubGFuZy5OdW1iZXKGrJUdC5TgiwIAAHhwAAAABnQAEWJhdGNoLnRhc2tsZXRUeXBldAA9b3JnLnNwcmluZ2ZyYW1ld29yay5iYXRjaC5jb3JlLnN0ZXAuaXRlbS5DaHVua09yaWVudGVkVGFza2xldHQADWJhdGNoLnZlcnNpb250AAU1LjEuMXQADmJhdGNoLnN0ZXBUeXBldAA3b3JnLnNwcmluZ2ZyYW1ld29yay5iYXRjaC5jb3JlLnN0ZXAudGFza2xldC5UYXNrbGV0U3RlcHg=',NULL),(31,'rO0ABXNyABFqYXZhLnV0aWwuSGFzaE1hcAUH2sHDFmDRAwACRgAKbG9hZEZhY3RvckkACXRocmVzaG9sZHhwP0AAAAAAAAx3CAAAABAAAAAEdAAdcHJvZHVjdEFsYXJtUmVhZGVyLnJlYWQuY291bnRzcgARamF2YS5sYW5nLkludGVnZXIS4qCk94GHOAIAAUkABXZhbHVleHIAEGphdmEubGFuZy5OdW1iZXKGrJUdC5TgiwIAAHhwAAAABnQAEWJhdGNoLnRhc2tsZXRUeXBldAA9b3JnLnNwcmluZ2ZyYW1ld29yay5iYXRjaC5jb3JlLnN0ZXAuaXRlbS5DaHVua09yaWVudGVkVGFza2xldHQADWJhdGNoLnZlcnNpb250AAU1LjEuMXQADmJhdGNoLnN0ZXBUeXBldAA3b3JnLnNwcmluZ2ZyYW1ld29yay5iYXRjaC5jb3JlLnN0ZXAudGFza2xldC5UYXNrbGV0U3RlcHg=',NULL),(32,'rO0ABXNyABFqYXZhLnV0aWwuSGFzaE1hcAUH2sHDFmDRAwACRgAKbG9hZEZhY3RvckkACXRocmVzaG9sZHhwP0AAAAAAAAx3CAAAABAAAAAEdAAdcHJvZHVjdEFsYXJtUmVhZGVyLnJlYWQuY291bnRzcgARamF2YS5sYW5nLkludGVnZXIS4qCk94GHOAIAAUkABXZhbHVleHIAEGphdmEubGFuZy5OdW1iZXKGrJUdC5TgiwIAAHhwAAAABnQAEWJhdGNoLnRhc2tsZXRUeXBldAA9b3JnLnNwcmluZ2ZyYW1ld29yay5iYXRjaC5jb3JlLnN0ZXAuaXRlbS5DaHVua09yaWVudGVkVGFza2xldHQADWJhdGNoLnZlcnNpb250AAU1LjEuMXQADmJhdGNoLnN0ZXBUeXBldAA3b3JnLnNwcmluZ2ZyYW1ld29yay5iYXRjaC5jb3JlLnN0ZXAudGFza2xldC5UYXNrbGV0U3RlcHg=',NULL),(33,'rO0ABXNyABFqYXZhLnV0aWwuSGFzaE1hcAUH2sHDFmDRAwACRgAKbG9hZEZhY3RvckkACXRocmVzaG9sZHhwP0AAAAAAAAx3CAAAABAAAAAEdAAdcHJvZHVjdEFsYXJtUmVhZGVyLnJlYWQuY291bnRzcgARamF2YS5sYW5nLkludGVnZXIS4qCk94GHOAIAAUkABXZhbHVleHIAEGphdmEubGFuZy5OdW1iZXKGrJUdC5TgiwIAAHhwAAAABnQAEWJhdGNoLnRhc2tsZXRUeXBldAA9b3JnLnNwcmluZ2ZyYW1ld29yay5iYXRjaC5jb3JlLnN0ZXAuaXRlbS5DaHVua09yaWVudGVkVGFza2xldHQADWJhdGNoLnZlcnNpb250AAU1LjEuMXQADmJhdGNoLnN0ZXBUeXBldAA3b3JnLnNwcmluZ2ZyYW1ld29yay5iYXRjaC5jb3JlLnN0ZXAudGFza2xldC5UYXNrbGV0U3RlcHg=',NULL),(34,'rO0ABXNyABFqYXZhLnV0aWwuSGFzaE1hcAUH2sHDFmDRAwACRgAKbG9hZEZhY3RvckkACXRocmVzaG9sZHhwP0AAAAAAAAx3CAAAABAAAAAEdAAdcHJvZHVjdEFsYXJtUmVhZGVyLnJlYWQuY291bnRzcgARamF2YS5sYW5nLkludGVnZXIS4qCk94GHOAIAAUkABXZhbHVleHIAEGphdmEubGFuZy5OdW1iZXKGrJUdC5TgiwIAAHhwAAAABnQAEWJhdGNoLnRhc2tsZXRUeXBldAA9b3JnLnNwcmluZ2ZyYW1ld29yay5iYXRjaC5jb3JlLnN0ZXAuaXRlbS5DaHVua09yaWVudGVkVGFza2xldHQADWJhdGNoLnZlcnNpb250AAU1LjEuMXQADmJhdGNoLnN0ZXBUeXBldAA3b3JnLnNwcmluZ2ZyYW1ld29yay5iYXRjaC5jb3JlLnN0ZXAudGFza2xldC5UYXNrbGV0U3RlcHg=',NULL),(35,'rO0ABXNyABFqYXZhLnV0aWwuSGFzaE1hcAUH2sHDFmDRAwACRgAKbG9hZEZhY3RvckkACXRocmVzaG9sZHhwP0AAAAAAAAx3CAAAABAAAAAEdAAdcHJvZHVjdEFsYXJtUmVhZGVyLnJlYWQuY291bnRzcgARamF2YS5sYW5nLkludGVnZXIS4qCk94GHOAIAAUkABXZhbHVleHIAEGphdmEubGFuZy5OdW1iZXKGrJUdC5TgiwIAAHhwAAAABnQAEWJhdGNoLnRhc2tsZXRUeXBldAA9b3JnLnNwcmluZ2ZyYW1ld29yay5iYXRjaC5jb3JlLnN0ZXAuaXRlbS5DaHVua09yaWVudGVkVGFza2xldHQADWJhdGNoLnZlcnNpb250AAU1LjEuMXQADmJhdGNoLnN0ZXBUeXBldAA3b3JnLnNwcmluZ2ZyYW1ld29yay5iYXRjaC5jb3JlLnN0ZXAudGFza2xldC5UYXNrbGV0U3RlcHg=',NULL),(36,'rO0ABXNyABFqYXZhLnV0aWwuSGFzaE1hcAUH2sHDFmDRAwACRgAKbG9hZEZhY3RvckkACXRocmVzaG9sZHhwP0AAAAAAAAx3CAAAABAAAAAEdAAdcHJvZHVjdEFsYXJtUmVhZGVyLnJlYWQuY291bnRzcgARamF2YS5sYW5nLkludGVnZXIS4qCk94GHOAIAAUkABXZhbHVleHIAEGphdmEubGFuZy5OdW1iZXKGrJUdC5TgiwIAAHhwAAAAB3QAEWJhdGNoLnRhc2tsZXRUeXBldAA9b3JnLnNwcmluZ2ZyYW1ld29yay5iYXRjaC5jb3JlLnN0ZXAuaXRlbS5DaHVua09yaWVudGVkVGFza2xldHQADWJhdGNoLnZlcnNpb250AAU1LjEuMXQADmJhdGNoLnN0ZXBUeXBldAA3b3JnLnNwcmluZ2ZyYW1ld29yay5iYXRjaC5jb3JlLnN0ZXAudGFza2xldC5UYXNrbGV0U3RlcHg=',NULL),(37,'rO0ABXNyABFqYXZhLnV0aWwuSGFzaE1hcAUH2sHDFmDRAwACRgAKbG9hZEZhY3RvckkACXRocmVzaG9sZHhwP0AAAAAAAAx3CAAAABAAAAAEdAAdcHJvZHVjdEFsYXJtUmVhZGVyLnJlYWQuY291bnRzcgARamF2YS5sYW5nLkludGVnZXIS4qCk94GHOAIAAUkABXZhbHVleHIAEGphdmEubGFuZy5OdW1iZXKGrJUdC5TgiwIAAHhwAAAAB3QAEWJhdGNoLnRhc2tsZXRUeXBldAA9b3JnLnNwcmluZ2ZyYW1ld29yay5iYXRjaC5jb3JlLnN0ZXAuaXRlbS5DaHVua09yaWVudGVkVGFza2xldHQADWJhdGNoLnZlcnNpb250AAU1LjEuMXQADmJhdGNoLnN0ZXBUeXBldAA3b3JnLnNwcmluZ2ZyYW1ld29yay5iYXRjaC5jb3JlLnN0ZXAudGFza2xldC5UYXNrbGV0U3RlcHg=',NULL),(38,'rO0ABXNyABFqYXZhLnV0aWwuSGFzaE1hcAUH2sHDFmDRAwACRgAKbG9hZEZhY3RvckkACXRocmVzaG9sZHhwP0AAAAAAAAx3CAAAABAAAAAEdAAdcHJvZHVjdEFsYXJtUmVhZGVyLnJlYWQuY291bnRzcgARamF2YS5sYW5nLkludGVnZXIS4qCk94GHOAIAAUkABXZhbHVleHIAEGphdmEubGFuZy5OdW1iZXKGrJUdC5TgiwIAAHhwAAAAB3QAEWJhdGNoLnRhc2tsZXRUeXBldAA9b3JnLnNwcmluZ2ZyYW1ld29yay5iYXRjaC5jb3JlLnN0ZXAuaXRlbS5DaHVua09yaWVudGVkVGFza2xldHQADWJhdGNoLnZlcnNpb250AAU1LjEuMXQADmJhdGNoLnN0ZXBUeXBldAA3b3JnLnNwcmluZ2ZyYW1ld29yay5iYXRjaC5jb3JlLnN0ZXAudGFza2xldC5UYXNrbGV0U3RlcHg=',NULL),(39,'rO0ABXNyABFqYXZhLnV0aWwuSGFzaE1hcAUH2sHDFmDRAwACRgAKbG9hZEZhY3RvckkACXRocmVzaG9sZHhwP0AAAAAAAAx3CAAAABAAAAAEdAAdcHJvZHVjdEFsYXJtUmVhZGVyLnJlYWQuY291bnRzcgARamF2YS5sYW5nLkludGVnZXIS4qCk94GHOAIAAUkABXZhbHVleHIAEGphdmEubGFuZy5OdW1iZXKGrJUdC5TgiwIAAHhwAAAAB3QAEWJhdGNoLnRhc2tsZXRUeXBldAA9b3JnLnNwcmluZ2ZyYW1ld29yay5iYXRjaC5jb3JlLnN0ZXAuaXRlbS5DaHVua09yaWVudGVkVGFza2xldHQADWJhdGNoLnZlcnNpb250AAU1LjEuMXQADmJhdGNoLnN0ZXBUeXBldAA3b3JnLnNwcmluZ2ZyYW1ld29yay5iYXRjaC5jb3JlLnN0ZXAudGFza2xldC5UYXNrbGV0U3RlcHg=',NULL),(40,'rO0ABXNyABFqYXZhLnV0aWwuSGFzaE1hcAUH2sHDFmDRAwACRgAKbG9hZEZhY3RvckkACXRocmVzaG9sZHhwP0AAAAAAAAx3CAAAABAAAAAEdAAdcHJvZHVjdEFsYXJtUmVhZGVyLnJlYWQuY291bnRzcgARamF2YS5sYW5nLkludGVnZXIS4qCk94GHOAIAAUkABXZhbHVleHIAEGphdmEubGFuZy5OdW1iZXKGrJUdC5TgiwIAAHhwAAAAB3QAEWJhdGNoLnRhc2tsZXRUeXBldAA9b3JnLnNwcmluZ2ZyYW1ld29yay5iYXRjaC5jb3JlLnN0ZXAuaXRlbS5DaHVua09yaWVudGVkVGFza2xldHQADWJhdGNoLnZlcnNpb250AAU1LjEuMXQADmJhdGNoLnN0ZXBUeXBldAA3b3JnLnNwcmluZ2ZyYW1ld29yay5iYXRjaC5jb3JlLnN0ZXAudGFza2xldC5UYXNrbGV0U3RlcHg=',NULL),(41,'rO0ABXNyABFqYXZhLnV0aWwuSGFzaE1hcAUH2sHDFmDRAwACRgAKbG9hZEZhY3RvckkACXRocmVzaG9sZHhwP0AAAAAAAAx3CAAAABAAAAAEdAAdcHJvZHVjdEFsYXJtUmVhZGVyLnJlYWQuY291bnRzcgARamF2YS5sYW5nLkludGVnZXIS4qCk94GHOAIAAUkABXZhbHVleHIAEGphdmEubGFuZy5OdW1iZXKGrJUdC5TgiwIAAHhwAAAAB3QAEWJhdGNoLnRhc2tsZXRUeXBldAA9b3JnLnNwcmluZ2ZyYW1ld29yay5iYXRjaC5jb3JlLnN0ZXAuaXRlbS5DaHVua09yaWVudGVkVGFza2xldHQADWJhdGNoLnZlcnNpb250AAU1LjEuMXQADmJhdGNoLnN0ZXBUeXBldAA3b3JnLnNwcmluZ2ZyYW1ld29yay5iYXRjaC5jb3JlLnN0ZXAudGFza2xldC5UYXNrbGV0U3RlcHg=',NULL),(42,'rO0ABXNyABFqYXZhLnV0aWwuSGFzaE1hcAUH2sHDFmDRAwACRgAKbG9hZEZhY3RvckkACXRocmVzaG9sZHhwP0AAAAAAAAx3CAAAABAAAAAEdAAdcHJvZHVjdEFsYXJtUmVhZGVyLnJlYWQuY291bnRzcgARamF2YS5sYW5nLkludGVnZXIS4qCk94GHOAIAAUkABXZhbHVleHIAEGphdmEubGFuZy5OdW1iZXKGrJUdC5TgiwIAAHhwAAAAB3QAEWJhdGNoLnRhc2tsZXRUeXBldAA9b3JnLnNwcmluZ2ZyYW1ld29yay5iYXRjaC5jb3JlLnN0ZXAuaXRlbS5DaHVua09yaWVudGVkVGFza2xldHQADWJhdGNoLnZlcnNpb250AAU1LjEuMXQADmJhdGNoLnN0ZXBUeXBldAA3b3JnLnNwcmluZ2ZyYW1ld29yay5iYXRjaC5jb3JlLnN0ZXAudGFza2xldC5UYXNrbGV0U3RlcHg=',NULL),(43,'rO0ABXNyABFqYXZhLnV0aWwuSGFzaE1hcAUH2sHDFmDRAwACRgAKbG9hZEZhY3RvckkACXRocmVzaG9sZHhwP0AAAAAAAAx3CAAAABAAAAAEdAAdcHJvZHVjdEFsYXJtUmVhZGVyLnJlYWQuY291bnRzcgARamF2YS5sYW5nLkludGVnZXIS4qCk94GHOAIAAUkABXZhbHVleHIAEGphdmEubGFuZy5OdW1iZXKGrJUdC5TgiwIAAHhwAAAAB3QAEWJhdGNoLnRhc2tsZXRUeXBldAA9b3JnLnNwcmluZ2ZyYW1ld29yay5iYXRjaC5jb3JlLnN0ZXAuaXRlbS5DaHVua09yaWVudGVkVGFza2xldHQADWJhdGNoLnZlcnNpb250AAU1LjEuMXQADmJhdGNoLnN0ZXBUeXBldAA3b3JnLnNwcmluZ2ZyYW1ld29yay5iYXRjaC5jb3JlLnN0ZXAudGFza2xldC5UYXNrbGV0U3RlcHg=',NULL),(44,'rO0ABXNyABFqYXZhLnV0aWwuSGFzaE1hcAUH2sHDFmDRAwACRgAKbG9hZEZhY3RvckkACXRocmVzaG9sZHhwP0AAAAAAAAx3CAAAABAAAAAEdAAdcHJvZHVjdEFsYXJtUmVhZGVyLnJlYWQuY291bnRzcgARamF2YS5sYW5nLkludGVnZXIS4qCk94GHOAIAAUkABXZhbHVleHIAEGphdmEubGFuZy5OdW1iZXKGrJUdC5TgiwIAAHhwAAAABXQAEWJhdGNoLnRhc2tsZXRUeXBldAA9b3JnLnNwcmluZ2ZyYW1ld29yay5iYXRjaC5jb3JlLnN0ZXAuaXRlbS5DaHVua09yaWVudGVkVGFza2xldHQADWJhdGNoLnZlcnNpb250AAU1LjEuMXQADmJhdGNoLnN0ZXBUeXBldAA3b3JnLnNwcmluZ2ZyYW1ld29yay5iYXRjaC5jb3JlLnN0ZXAudGFza2xldC5UYXNrbGV0U3RlcHg=',NULL),(45,'rO0ABXNyABFqYXZhLnV0aWwuSGFzaE1hcAUH2sHDFmDRAwACRgAKbG9hZEZhY3RvckkACXRocmVzaG9sZHhwP0AAAAAAAAx3CAAAABAAAAAEdAAdcHJvZHVjdEFsYXJtUmVhZGVyLnJlYWQuY291bnRzcgARamF2YS5sYW5nLkludGVnZXIS4qCk94GHOAIAAUkABXZhbHVleHIAEGphdmEubGFuZy5OdW1iZXKGrJUdC5TgiwIAAHhwAAAAB3QAEWJhdGNoLnRhc2tsZXRUeXBldAA9b3JnLnNwcmluZ2ZyYW1ld29yay5iYXRjaC5jb3JlLnN0ZXAuaXRlbS5DaHVua09yaWVudGVkVGFza2xldHQADWJhdGNoLnZlcnNpb250AAU1LjEuMXQADmJhdGNoLnN0ZXBUeXBldAA3b3JnLnNwcmluZ2ZyYW1ld29yay5iYXRjaC5jb3JlLnN0ZXAudGFza2xldC5UYXNrbGV0U3RlcHg=',NULL),(46,'rO0ABXNyABFqYXZhLnV0aWwuSGFzaE1hcAUH2sHDFmDRAwACRgAKbG9hZEZhY3RvckkACXRocmVzaG9sZHhwP0AAAAAAAAx3CAAAABAAAAAEdAAdcHJvZHVjdEFsYXJtUmVhZGVyLnJlYWQuY291bnRzcgARamF2YS5sYW5nLkludGVnZXIS4qCk94GHOAIAAUkABXZhbHVleHIAEGphdmEubGFuZy5OdW1iZXKGrJUdC5TgiwIAAHhwAAAAB3QAEWJhdGNoLnRhc2tsZXRUeXBldAA9b3JnLnNwcmluZ2ZyYW1ld29yay5iYXRjaC5jb3JlLnN0ZXAuaXRlbS5DaHVua09yaWVudGVkVGFza2xldHQADWJhdGNoLnZlcnNpb250AAU1LjEuMXQADmJhdGNoLnN0ZXBUeXBldAA3b3JnLnNwcmluZ2ZyYW1ld29yay5iYXRjaC5jb3JlLnN0ZXAudGFza2xldC5UYXNrbGV0U3RlcHg=',NULL),(47,'rO0ABXNyABFqYXZhLnV0aWwuSGFzaE1hcAUH2sHDFmDRAwACRgAKbG9hZEZhY3RvckkACXRocmVzaG9sZHhwP0AAAAAAAAx3CAAAABAAAAAEdAAdcHJvZHVjdEFsYXJtUmVhZGVyLnJlYWQuY291bnRzcgARamF2YS5sYW5nLkludGVnZXIS4qCk94GHOAIAAUkABXZhbHVleHIAEGphdmEubGFuZy5OdW1iZXKGrJUdC5TgiwIAAHhwAAAAB3QAEWJhdGNoLnRhc2tsZXRUeXBldAA9b3JnLnNwcmluZ2ZyYW1ld29yay5iYXRjaC5jb3JlLnN0ZXAuaXRlbS5DaHVua09yaWVudGVkVGFza2xldHQADWJhdGNoLnZlcnNpb250AAU1LjEuMXQADmJhdGNoLnN0ZXBUeXBldAA3b3JnLnNwcmluZ2ZyYW1ld29yay5iYXRjaC5jb3JlLnN0ZXAudGFza2xldC5UYXNrbGV0U3RlcHg=',NULL),(48,'rO0ABXNyABFqYXZhLnV0aWwuSGFzaE1hcAUH2sHDFmDRAwACRgAKbG9hZEZhY3RvckkACXRocmVzaG9sZHhwP0AAAAAAAAx3CAAAABAAAAAEdAAdcHJvZHVjdEFsYXJtUmVhZGVyLnJlYWQuY291bnRzcgARamF2YS5sYW5nLkludGVnZXIS4qCk94GHOAIAAUkABXZhbHVleHIAEGphdmEubGFuZy5OdW1iZXKGrJUdC5TgiwIAAHhwAAAAB3QAEWJhdGNoLnRhc2tsZXRUeXBldAA9b3JnLnNwcmluZ2ZyYW1ld29yay5iYXRjaC5jb3JlLnN0ZXAuaXRlbS5DaHVua09yaWVudGVkVGFza2xldHQADWJhdGNoLnZlcnNpb250AAU1LjEuMXQADmJhdGNoLnN0ZXBUeXBldAA3b3JnLnNwcmluZ2ZyYW1ld29yay5iYXRjaC5jb3JlLnN0ZXAudGFza2xldC5UYXNrbGV0U3RlcHg=',NULL),(49,'rO0ABXNyABFqYXZhLnV0aWwuSGFzaE1hcAUH2sHDFmDRAwACRgAKbG9hZEZhY3RvckkACXRocmVzaG9sZHhwP0AAAAAAAAx3CAAAABAAAAAEdAAdcHJvZHVjdEFsYXJtUmVhZGVyLnJlYWQuY291bnRzcgARamF2YS5sYW5nLkludGVnZXIS4qCk94GHOAIAAUkABXZhbHVleHIAEGphdmEubGFuZy5OdW1iZXKGrJUdC5TgiwIAAHhwAAAAB3QAEWJhdGNoLnRhc2tsZXRUeXBldAA9b3JnLnNwcmluZ2ZyYW1ld29yay5iYXRjaC5jb3JlLnN0ZXAuaXRlbS5DaHVua09yaWVudGVkVGFza2xldHQADWJhdGNoLnZlcnNpb250AAU1LjEuMXQADmJhdGNoLnN0ZXBUeXBldAA3b3JnLnNwcmluZ2ZyYW1ld29yay5iYXRjaC5jb3JlLnN0ZXAudGFza2xldC5UYXNrbGV0U3RlcHg=',NULL),(50,'rO0ABXNyABFqYXZhLnV0aWwuSGFzaE1hcAUH2sHDFmDRAwACRgAKbG9hZEZhY3RvckkACXRocmVzaG9sZHhwP0AAAAAAAAx3CAAAABAAAAAEdAAdcHJvZHVjdEFsYXJtUmVhZGVyLnJlYWQuY291bnRzcgARamF2YS5sYW5nLkludGVnZXIS4qCk94GHOAIAAUkABXZhbHVleHIAEGphdmEubGFuZy5OdW1iZXKGrJUdC5TgiwIAAHhwAAAAB3QAEWJhdGNoLnRhc2tsZXRUeXBldAA9b3JnLnNwcmluZ2ZyYW1ld29yay5iYXRjaC5jb3JlLnN0ZXAuaXRlbS5DaHVua09yaWVudGVkVGFza2xldHQADWJhdGNoLnZlcnNpb250AAU1LjEuMXQADmJhdGNoLnN0ZXBUeXBldAA3b3JnLnNwcmluZ2ZyYW1ld29yay5iYXRjaC5jb3JlLnN0ZXAudGFza2xldC5UYXNrbGV0U3RlcHg=',NULL),(51,'rO0ABXNyABFqYXZhLnV0aWwuSGFzaE1hcAUH2sHDFmDRAwACRgAKbG9hZEZhY3RvckkACXRocmVzaG9sZHhwP0AAAAAAAAx3CAAAABAAAAAEdAAdcHJvZHVjdEFsYXJtUmVhZGVyLnJlYWQuY291bnRzcgARamF2YS5sYW5nLkludGVnZXIS4qCk94GHOAIAAUkABXZhbHVleHIAEGphdmEubGFuZy5OdW1iZXKGrJUdC5TgiwIAAHhwAAAAB3QAEWJhdGNoLnRhc2tsZXRUeXBldAA9b3JnLnNwcmluZ2ZyYW1ld29yay5iYXRjaC5jb3JlLnN0ZXAuaXRlbS5DaHVua09yaWVudGVkVGFza2xldHQADWJhdGNoLnZlcnNpb250AAU1LjEuMXQADmJhdGNoLnN0ZXBUeXBldAA3b3JnLnNwcmluZ2ZyYW1ld29yay5iYXRjaC5jb3JlLnN0ZXAudGFza2xldC5UYXNrbGV0U3RlcHg=',NULL),(52,'rO0ABXNyABFqYXZhLnV0aWwuSGFzaE1hcAUH2sHDFmDRAwACRgAKbG9hZEZhY3RvckkACXRocmVzaG9sZHhwP0AAAAAAAAx3CAAAABAAAAAEdAAdcHJvZHVjdEFsYXJtUmVhZGVyLnJlYWQuY291bnRzcgARamF2YS5sYW5nLkludGVnZXIS4qCk94GHOAIAAUkABXZhbHVleHIAEGphdmEubGFuZy5OdW1iZXKGrJUdC5TgiwIAAHhwAAAAB3QAEWJhdGNoLnRhc2tsZXRUeXBldAA9b3JnLnNwcmluZ2ZyYW1ld29yay5iYXRjaC5jb3JlLnN0ZXAuaXRlbS5DaHVua09yaWVudGVkVGFza2xldHQADWJhdGNoLnZlcnNpb250AAU1LjEuMXQADmJhdGNoLnN0ZXBUeXBldAA3b3JnLnNwcmluZ2ZyYW1ld29yay5iYXRjaC5jb3JlLnN0ZXAudGFza2xldC5UYXNrbGV0U3RlcHg=',NULL),(53,'rO0ABXNyABFqYXZhLnV0aWwuSGFzaE1hcAUH2sHDFmDRAwACRgAKbG9hZEZhY3RvckkACXRocmVzaG9sZHhwP0AAAAAAAAx3CAAAABAAAAAEdAAdcHJvZHVjdEFsYXJtUmVhZGVyLnJlYWQuY291bnRzcgARamF2YS5sYW5nLkludGVnZXIS4qCk94GHOAIAAUkABXZhbHVleHIAEGphdmEubGFuZy5OdW1iZXKGrJUdC5TgiwIAAHhwAAAAB3QAEWJhdGNoLnRhc2tsZXRUeXBldAA9b3JnLnNwcmluZ2ZyYW1ld29yay5iYXRjaC5jb3JlLnN0ZXAuaXRlbS5DaHVua09yaWVudGVkVGFza2xldHQADWJhdGNoLnZlcnNpb250AAU1LjEuMXQADmJhdGNoLnN0ZXBUeXBldAA3b3JnLnNwcmluZ2ZyYW1ld29yay5iYXRjaC5jb3JlLnN0ZXAudGFza2xldC5UYXNrbGV0U3RlcHg=',NULL),(54,'rO0ABXNyABFqYXZhLnV0aWwuSGFzaE1hcAUH2sHDFmDRAwACRgAKbG9hZEZhY3RvckkACXRocmVzaG9sZHhwP0AAAAAAAAx3CAAAABAAAAAEdAAdcHJvZHVjdEFsYXJtUmVhZGVyLnJlYWQuY291bnRzcgARamF2YS5sYW5nLkludGVnZXIS4qCk94GHOAIAAUkABXZhbHVleHIAEGphdmEubGFuZy5OdW1iZXKGrJUdC5TgiwIAAHhwAAAAB3QAEWJhdGNoLnRhc2tsZXRUeXBldAA9b3JnLnNwcmluZ2ZyYW1ld29yay5iYXRjaC5jb3JlLnN0ZXAuaXRlbS5DaHVua09yaWVudGVkVGFza2xldHQADWJhdGNoLnZlcnNpb250AAU1LjEuMXQADmJhdGNoLnN0ZXBUeXBldAA3b3JnLnNwcmluZ2ZyYW1ld29yay5iYXRjaC5jb3JlLnN0ZXAudGFza2xldC5UYXNrbGV0U3RlcHg=',NULL);
/*!40000 ALTER TABLE `BATCH_STEP_EXECUTION_CONTEXT` ENABLE KEYS */;
UNLOCK TABLES;

--
-- Table structure for table `BATCH_STEP_EXECUTION_SEQ`
--

DROP TABLE IF EXISTS `BATCH_STEP_EXECUTION_SEQ`;
/*!40101 SET @saved_cs_client     = @@character_set_client */;
/*!50503 SET character_set_client = utf8mb4 */;
CREATE TABLE `BATCH_STEP_EXECUTION_SEQ` (
  `ID` bigint NOT NULL,
  `UNIQUE_KEY` char(1) NOT NULL,
  UNIQUE KEY `UNIQUE_KEY_UN` (`UNIQUE_KEY`)
) ENGINE=InnoDB DEFAULT CHARSET=utf8mb4 COLLATE=utf8mb4_0900_ai_ci;
/*!40101 SET character_set_client = @saved_cs_client */;

--
-- Dumping data for table `BATCH_STEP_EXECUTION_SEQ`
--

LOCK TABLES `BATCH_STEP_EXECUTION_SEQ` WRITE;
/*!40000 ALTER TABLE `BATCH_STEP_EXECUTION_SEQ` DISABLE KEYS */;
INSERT INTO `BATCH_STEP_EXECUTION_SEQ` VALUES (54,'0');
/*!40000 ALTER TABLE `BATCH_STEP_EXECUTION_SEQ` ENABLE KEYS */;
UNLOCK TABLES;

--
-- Table structure for table `favorite_product`
--

DROP TABLE IF EXISTS `favorite_product`;
/*!40101 SET @saved_cs_client     = @@character_set_client */;
/*!50503 SET character_set_client = utf8mb4 */;
CREATE TABLE `favorite_product` (
  `favorite_product_id` int NOT NULL AUTO_INCREMENT,
  `product_product_id` int DEFAULT NULL,
  `user_user_id` int DEFAULT NULL,
  PRIMARY KEY (`favorite_product_id`),
  UNIQUE KEY `unique_key` (`product_product_id`,`user_user_id`),
  KEY `FK2bycncamruwxjsxirtds2aqv9` (`user_user_id`),
  CONSTRAINT `FK2bycncamruwxjsxirtds2aqv9` FOREIGN KEY (`user_user_id`) REFERENCES `user` (`user_id`),
  CONSTRAINT `FKfus7dm9gox5t07dotulg5520b` FOREIGN KEY (`product_product_id`) REFERENCES `product` (`product_id`)
) ENGINE=InnoDB AUTO_INCREMENT=54 DEFAULT CHARSET=utf8mb4 COLLATE=utf8mb4_0900_ai_ci;
/*!40101 SET character_set_client = @saved_cs_client */;

--
-- Dumping data for table `favorite_product`
--

LOCK TABLES `favorite_product` WRITE;
/*!40000 ALTER TABLE `favorite_product` DISABLE KEYS */;
INSERT INTO `favorite_product` VALUES (49,67,16),(50,109,17);
/*!40000 ALTER TABLE `favorite_product` ENABLE KEYS */;
UNLOCK TABLES;

--
-- Table structure for table `notification`
--

DROP TABLE IF EXISTS `notification`;
/*!40101 SET @saved_cs_client     = @@character_set_client */;
/*!50503 SET character_set_client = utf8mb4 */;
CREATE TABLE `notification` (
  `notification_id` int NOT NULL AUTO_INCREMENT,
  `content` varchar(255) NOT NULL,
  `is_read` bit(1) NOT NULL DEFAULT b'0',
  `title` varchar(255) NOT NULL,
  `user_id` int DEFAULT '0',
  `generated_time` datetime(6) DEFAULT NULL,
  `domain` varchar(255) NOT NULL,
  PRIMARY KEY (`notification_id`),
  KEY `FKb0yvoep4h4k92ipon31wmdf7e` (`user_id`),
  CONSTRAINT `FKb0yvoep4h4k92ipon31wmdf7e` FOREIGN KEY (`user_id`) REFERENCES `user` (`user_id`)
) ENGINE=InnoDB AUTO_INCREMENT=111 DEFAULT CHARSET=utf8mb4 COLLATE=utf8mb4_0900_ai_ci;
/*!40101 SET character_set_client = @saved_cs_client */;

--
-- Dumping data for table `notification`
--

LOCK TABLES `notification` WRITE;
/*!40000 ALTER TABLE `notification` DISABLE KEYS */;
/*!40000 ALTER TABLE `notification` ENABLE KEYS */;
UNLOCK TABLES;

--
-- Table structure for table `orders`
--

DROP TABLE IF EXISTS `orders`;
/*!40101 SET @saved_cs_client     = @@character_set_client */;
/*!50503 SET character_set_client = utf8mb4 */;
CREATE TABLE `orders` (
  `order_id` varchar(255) NOT NULL,
  `order_date` datetime(6) NOT NULL,
  `order_detail_address` varchar(255) NOT NULL,
  `order_road_address` varchar(255) NOT NULL,
  `order_zipcode` varchar(255) NOT NULL,
  `product_count` int NOT NULL,
  `receiver_name` varchar(255) NOT NULL,
  `receiver_phone` varchar(255) NOT NULL,
  `status` tinyint NOT NULL,
  `total_price` int NOT NULL,
  `product_product_id` int NOT NULL,
  `user_user_id` int NOT NULL,
  PRIMARY KEY (`order_id`),
  KEY `FK28pbu5jl0w5do6m72yj1echht` (`product_product_id`),
  KEY `FKcooejujh32cpgw33d02snbufy` (`user_user_id`),
  CONSTRAINT `FK28pbu5jl0w5do6m72yj1echht` FOREIGN KEY (`product_product_id`) REFERENCES `product` (`product_id`),
  CONSTRAINT `FKcooejujh32cpgw33d02snbufy` FOREIGN KEY (`user_user_id`) REFERENCES `user` (`user_id`)
) ENGINE=InnoDB DEFAULT CHARSET=utf8mb4 COLLATE=utf8mb4_0900_ai_ci;
/*!40101 SET character_set_client = @saved_cs_client */;

--
-- Dumping data for table `orders`
--

LOCK TABLES `orders` WRITE;
/*!40000 ALTER TABLE `orders` DISABLE KEYS */;
INSERT INTO `orders` VALUES ('D240519052307','2024-05-19 23:33:07.412000','123','   2','61181',1,'','123-4567-89',0,31000,67,18),('D240519608463','2024-05-19 20:05:13.073000',' 1','   73','03054',5,'','010-5705-6540',1,465500,84,16);
/*!40000 ALTER TABLE `orders` ENABLE KEYS */;
UNLOCK TABLES;

--
-- Table structure for table `payment`
--

DROP TABLE IF EXISTS `payment`;
/*!40101 SET @saved_cs_client     = @@character_set_client */;
/*!50503 SET character_set_client = utf8mb4 */;
CREATE TABLE `payment` (
  `tid` varchar(255) NOT NULL,
  `payment_date` datetime(6) NOT NULL,
  `payment_method_type` varchar(255) NOT NULL,
  `refunded_at` datetime(6) DEFAULT NULL,
  `status` tinyint NOT NULL,
  `tax_free` int NOT NULL,
  `total_amount` int NOT NULL,
  `order_order_id` varchar(255) NOT NULL,
  `user_user_id` int NOT NULL,
  PRIMARY KEY (`tid`),
  UNIQUE KEY `UK_3v6b12th9b3boebh21si1rffb` (`order_order_id`),
  KEY `FKeyeq634dhc0yerigthfkylt3x` (`user_user_id`),
  CONSTRAINT `FK4ps1dmmr2pq3s70gyodygkiwe` FOREIGN KEY (`order_order_id`) REFERENCES `orders` (`order_id`),
  CONSTRAINT `FKeyeq634dhc0yerigthfkylt3x` FOREIGN KEY (`user_user_id`) REFERENCES `user` (`user_id`)
) ENGINE=InnoDB DEFAULT CHARSET=utf8mb4 COLLATE=utf8mb4_0900_ai_ci;
/*!40101 SET character_set_client = @saved_cs_client */;

--
-- Dumping data for table `payment`
--

LOCK TABLES `payment` WRITE;
/*!40000 ALTER TABLE `payment` DISABLE KEYS */;
INSERT INTO `payment` VALUES ('T649dcea257c75a5fd96','2024-05-19 20:05:35.000000','MONEY','2024-05-19 20:05:52.000000',1,0,465500,'D240519608463',16),('T64a0da4257c75a5fdd6','2024-05-19 23:33:54.000000','MONEY',NULL,0,0,31000,'D240519052307',18);
/*!40000 ALTER TABLE `payment` ENABLE KEYS */;
UNLOCK TABLES;

--
-- Table structure for table `product`
--

DROP TABLE IF EXISTS `product`;
/*!40101 SET @saved_cs_client     = @@character_set_client */;
/*!50503 SET character_set_client = utf8mb4 */;
CREATE TABLE `product` (
  `category` tinyint DEFAULT NULL,
  `discount` double NOT NULL,
  `event_end_time` int NOT NULL,
  `event_start_time` int NOT NULL,
  `is_over` bit(1) NOT NULL,
  `price` int NOT NULL,
  `product_id` int NOT NULL AUTO_INCREMENT,
  `seller_seller_id` int NOT NULL,
  `stock` int NOT NULL,
  `total_stock` int NOT NULL,
  `event_end_date` datetime(6) DEFAULT NULL,
  `event_start_date` datetime(6) NOT NULL,
  `name` varchar(255) NOT NULL,
  `thumbnail_image` varchar(255) DEFAULT NULL,
  PRIMARY KEY (`product_id`),
  KEY `FKrxwpm6lqvddjvyr9vjymxqnlb` (`seller_seller_id`),
  CONSTRAINT `FKrxwpm6lqvddjvyr9vjymxqnlb` FOREIGN KEY (`seller_seller_id`) REFERENCES `seller` (`seller_id`),
  CONSTRAINT `product_chk_1` CHECK ((`category` between 0 and 8))
) ENGINE=InnoDB AUTO_INCREMENT=115 DEFAULT CHARSET=utf8mb4 COLLATE=utf8mb4_0900_ai_ci;
/*!40101 SET character_set_client = @saved_cs_client */;

--
-- Dumping data for table `product`
--

LOCK TABLES `product` WRITE;
/*!40000 ALTER TABLE `product` DISABLE KEYS */;
INSERT INTO `product` VALUES (2,50,2,0,_binary '',62000,67,11,499,500,'2024-05-20 02:00:00.000000','2024-05-20 00:00:00.000000','     300ml 2p + 50ml','https://iandwe.s3.ap-northeast-2.amazonaws.com/thumbnail/CpfSczRE'),(1,19,13,11,_binary '\0',17900,68,11,500,500,'2024-05-21 13:00:00.000000','2024-05-21 11:00:00.000000','  ','https://iandwe.s3.ap-northeast-2.amazonaws.com/thumbnail/q0hleUv0'),(3,30,21,18,_binary '\0',64900,69,11,1000,1000,'2024-05-22 21:00:00.000000','2024-05-22 18:00:00.000000','  LA  (), 1.5kg','https://iandwe.s3.ap-northeast-2.amazonaws.com/thumbnail/ROMl17W9'),(6,40,21,19,_binary '\0',58300,70,11,500,500,'2024-05-23 21:00:00.000000','2024-05-23 19:00:00.000000','   200 5+5  , , 10','https://iandwe.s3.ap-northeast-2.amazonaws.com/thumbnail/BPYkYLxk'),(6,30,15,12,_binary '\0',61900,71,11,1000,1000,'2024-05-24 15:00:00.000000','2024-05-24 12:00:00.000000',' 2024     , 3, 152','https://iandwe.s3.ap-northeast-2.amazonaws.com/thumbnail/4XfogXvr'),(6,25,13,10,_binary '\0',27000,72,11,1000,1000,'2024-05-25 13:00:00.000000','2024-05-25 10:00:00.000000',' 3     30m, 30','https://iandwe.s3.ap-northeast-2.amazonaws.com/thumbnail/WL4waYL8'),(6,30,15,13,_binary '\0',23500,74,12,4000,4000,'2024-05-21 15:00:00.000000','2024-05-21 13:00:00.000000','    75, 20, 20','https://iandwe.s3.ap-northeast-2.amazonaws.com/thumbnail/qZbOqsMV'),(6,35,14,12,_binary '\0',23000,75,11,800,800,'2024-05-26 14:00:00.000000','2024-05-26 12:00:00.000000','    , 2L','https://iandwe.s3.ap-northeast-2.amazonaws.com/thumbnail/9Xnttno2'),(6,10,14,10,_binary '\0',20000,76,12,9999,9999,'2024-05-22 14:00:00.000000','2024-05-22 10:00:00.000000','      ','https://iandwe.s3.ap-northeast-2.amazonaws.com/thumbnail/JhZMYm5T'),(7,25,17,14,_binary '\0',48000,77,11,500,500,'2024-05-20 17:00:00.000000','2024-05-20 14:00:00.000000','      , , 360g','https://iandwe.s3.ap-northeast-2.amazonaws.com/thumbnail/rfykVBI1'),(8,25,12,10,_binary '\0',80000,78,12,800,800,'2024-05-23 12:00:00.000000','2024-05-23 10:00:00.000000','     , , 1','https://iandwe.s3.ap-northeast-2.amazonaws.com/thumbnail/oxJjVVqN'),(6,30,12,9,_binary '\0',22000,79,12,6000,6000,'2024-05-24 12:00:00.000000','2024-05-24 09:00:00.000000','         , 100g, 8','https://iandwe.s3.ap-northeast-2.amazonaws.com/thumbnail/BPR1BnZm'),(7,18,3,0,_binary '\0',89000,80,11,600,600,'2024-05-21 03:00:00.000000','2024-05-21 00:00:00.000000','   ','https://iandwe.s3.ap-northeast-2.amazonaws.com/thumbnail/ERIuLdSM'),(4,40,16,13,_binary '\0',24000,81,12,2000,2000,'2024-05-25 16:00:00.000000','2024-05-25 13:00:00.000000',' LED 7   ','https://iandwe.s3.ap-northeast-2.amazonaws.com/thumbnail/m76PnbZS'),(7,30,12,9,_binary '\0',45200,82,11,600,600,'2024-05-26 12:00:00.000000','2024-05-26 09:00:00.000000','    ','https://iandwe.s3.ap-northeast-2.amazonaws.com/thumbnail/k7uEwVJ6'),(2,20,21,18,_binary '\0',15800,83,12,6666,6666,'2024-05-26 21:00:00.000000','2024-05-26 18:00:00.000000','  , 40ml, 1','https://iandwe.s3.ap-northeast-2.amazonaws.com/thumbnail/Z7lRLgx4'),(4,30,16,13,_binary '\0',133000,84,12,2000,2000,'2024-05-20 20:00:00.000000','2024-05-20 18:00:00.000000','CHERRY MX BOARD 3.0S RGB    ,','https://iandwe.s3.ap-northeast-2.amazonaws.com/thumbnail/G3pahRLm'),(7,45,22,19,_binary '\0',70000,85,11,1000,1000,'2024-05-25 22:00:00.000000','2024-05-25 19:00:00.000000','    3.0 ','https://iandwe.s3.ap-northeast-2.amazonaws.com/thumbnail/ciQjBSOy'),(1,25,11,9,_binary '\0',11800,86,12,4444,4444,'2024-05-21 11:00:00.000000','2024-05-21 09:00:00.000000','   2    10','https://iandwe.s3.ap-northeast-2.amazonaws.com/thumbnail/CbwlvnF5'),(5,30,7,4,_binary '\0',59900,87,11,800,800,'2024-05-20 07:00:00.000000','2024-05-20 04:00:00.000000','   B6500I 2p + ','https://iandwe.s3.ap-northeast-2.amazonaws.com/thumbnail/JYUvN5BA'),(3,10,23,21,_binary '\0',19700,88,12,2000,2000,'2024-05-22 23:00:00.000000','2024-05-22 21:00:00.000000','    (), 500g, 1','https://iandwe.s3.ap-northeast-2.amazonaws.com/thumbnail/TBG7r4dd'),(4,30,23,21,_binary '\0',280000,89,12,2222,2222,'2024-05-23 23:00:00.000000','2024-05-23 21:00:00.000000',' 2 in 1    Q3','https://iandwe.s3.ap-northeast-2.amazonaws.com/thumbnail/bmFZvRfQ'),(2,20,21,19,_binary '\0',12300,90,12,5421,5421,'2024-05-24 21:00:00.000000','2024-05-24 19:00:00.000000','      ','https://iandwe.s3.ap-northeast-2.amazonaws.com/thumbnail/xddxomcT'),(5,30,23,21,_binary '\0',193000,91,11,500,500,'2024-05-20 23:00:00.000000','2024-05-20 21:00:00.000000','  700C 21 60mm D ()','https://iandwe.s3.ap-northeast-2.amazonaws.com/thumbnail/BnBHqg0N'),(1,30,19,17,_binary '\0',29900,92,12,6283,6283,'2024-05-25 19:00:00.000000','2024-05-25 17:00:00.000000','        ','https://iandwe.s3.ap-northeast-2.amazonaws.com/thumbnail/ienzZ7pb'),(3,20,23,21,_binary '\0',13800,94,12,6666,6666,'2024-05-26 23:00:00.000000','2024-05-26 21:00:00.000000',' 1kg+ 1kg, 1','https://iandwe.s3.ap-northeast-2.amazonaws.com/thumbnail/w40bHY1v'),(4,26,4,2,_binary '\0',13500,95,12,8887,8888,'2024-05-20 04:00:00.000000','2024-05-20 02:00:00.000000',' UV LED   PA-TS700','https://iandwe.s3.ap-northeast-2.amazonaws.com/thumbnail/kbGyezXz'),(5,20,17,14,_binary '\0',48300,96,11,500,500,'2024-05-23 17:00:00.000000','2024-05-23 14:00:00.000000','    50L + ','https://iandwe.s3.ap-northeast-2.amazonaws.com/thumbnail/VDOCddwm'),(2,50,23,21,_binary '\0',20900,97,12,2400,2400,'2024-05-21 23:00:00.000000','2024-05-21 21:00:00.000000','  , 300ml, 1','https://iandwe.s3.ap-northeast-2.amazonaws.com/thumbnail/0K0o4Yof'),(1,80,16,14,_binary '\0',35000,98,12,700,700,'2024-05-22 16:00:00.000000','2024-05-22 14:00:00.000000','       ','https://iandwe.s3.ap-northeast-2.amazonaws.com/thumbnail/iMn3qbHh'),(5,35,8,5,_binary '\0',159000,99,11,700,700,'2024-05-23 08:00:00.000000','2024-05-23 05:00:00.000000','     ','https://iandwe.s3.ap-northeast-2.amazonaws.com/thumbnail/fBvSCqjt'),(3,30,14,12,_binary '\0',40500,100,12,6666,6666,'2024-05-23 14:00:00.000000','2024-05-23 12:00:00.000000',' IQF  1kg x 5, 1kg, 5','https://iandwe.s3.ap-northeast-2.amazonaws.com/thumbnail/NaTMVFHw'),(8,50,3,0,_binary '\0',84000,101,11,300,300,'2024-05-25 03:00:00.000000','2024-05-25 00:00:00.000000','  2/3/4','https://iandwe.s3.ap-northeast-2.amazonaws.com/thumbnail/4V6sf12H'),(8,40,3,0,_binary '\0',66000,102,11,200,200,'2024-05-22 03:00:00.000000','2024-05-22 00:00:00.000000','[]   ','https://iandwe.s3.ap-northeast-2.amazonaws.com/thumbnail/ro13aJdI'),(8,35,3,0,_binary '\0',90000,103,11,400,400,'2024-05-23 03:00:00.000000','2024-05-23 00:00:00.000000','  ','https://iandwe.s3.ap-northeast-2.amazonaws.com/thumbnail/sn8Lanml'),(8,15,19,16,_binary '\0',30000,104,11,600,600,'2024-05-24 19:00:00.000000','2024-05-24 16:00:00.000000',' ','https://iandwe.s3.ap-northeast-2.amazonaws.com/thumbnail/QoPmDsAF'),(5,25,23,21,_binary '\0',38000,105,11,899,899,'2024-05-24 23:00:00.000000','2024-05-24 21:00:00.000000','  ','https://iandwe.s3.ap-northeast-2.amazonaws.com/thumbnail/FbxBpxN6'),(5,15,3,1,_binary '\0',137000,106,11,500,500,'2024-05-26 03:00:00.000000','2024-05-26 01:00:00.000000','       M, ','https://iandwe.s3.ap-northeast-2.amazonaws.com/thumbnail/wzwnxCsC'),(5,45,17,14,_binary '\0',59200,107,11,299,299,'2024-05-26 17:00:00.000000','2024-05-26 14:00:00.000000','     ','https://iandwe.s3.ap-northeast-2.amazonaws.com/thumbnail/Y5w5AJp8'),(6,50,23,21,_binary '',47650,108,11,999999999,999999999,'2024-05-19 23:00:00.000000','2024-05-19 21:00:00.000000',' 2024     , 3, 152','https://iandwe.s3.ap-northeast-2.amazonaws.com/thumbnail/8XH2oHxP'),(6,50,3,0,_binary '',27000,109,11,1000,1000,'2024-05-19 03:00:00.000000','2024-05-19 00:00:00.000000',' 3     30m, 30','https://iandwe.s3.ap-northeast-2.amazonaws.com/thumbnail/g3nHSpcv'),(5,40,9,6,_binary '',159000,112,11,1000,1000,'2024-05-19 09:00:00.000000','2024-05-19 06:00:00.000000','     ','https://iandwe.s3.ap-northeast-2.amazonaws.com/thumbnail/2SM9nIqm'),(6,30,12,9,_binary '',137000,113,11,500,500,'2024-05-19 12:00:00.000000','2024-05-19 09:00:00.000000','       M, ','https://iandwe.s3.ap-northeast-2.amazonaws.com/thumbnail/Yw8FTe4z'),(3,50,20,17,_binary '\0',64900,114,11,400,400,'2024-05-12 20:00:00.000000','2024-05-12 17:00:00.000000','  LA  (), 1.5kg','https://iandwe.s3.ap-northeast-2.amazonaws.com/thumbnail/aOQqN1XT');
/*!40000 ALTER TABLE `product` ENABLE KEYS */;
UNLOCK TABLES;

--
-- Table structure for table `product_detail`
--

DROP TABLE IF EXISTS `product_detail`;
/*!40101 SET @saved_cs_client     = @@character_set_client */;
/*!50503 SET character_set_client = utf8mb4 */;
CREATE TABLE `product_detail` (
  `product_product_id` int DEFAULT NULL,
  `product_detail_id` bigint NOT NULL AUTO_INCREMENT,
  `image_url` varchar(255) DEFAULT NULL,
  PRIMARY KEY (`product_detail_id`),
  KEY `FK2up3qccnwa0oey5gfty8v14q2` (`product_product_id`),
  CONSTRAINT `FK2up3qccnwa0oey5gfty8v14q2` FOREIGN KEY (`product_product_id`) REFERENCES `product` (`product_id`)
) ENGINE=InnoDB AUTO_INCREMENT=240 DEFAULT CHARSET=utf8mb4 COLLATE=utf8mb4_0900_ai_ci;
/*!40101 SET character_set_client = @saved_cs_client */;

--
-- Dumping data for table `product_detail`
--

LOCK TABLES `product_detail` WRITE;
/*!40000 ALTER TABLE `product_detail` DISABLE KEYS */;
INSERT INTO `product_detail` VALUES (67,76,'https://iandwe.s3.ap-northeast-2.amazonaws.com/details/WPCDKWzH'),(67,77,'https://iandwe.s3.ap-northeast-2.amazonaws.com/details/ofiY1oyt'),(67,78,'https://iandwe.s3.ap-northeast-2.amazonaws.com/details/6Y3lSoWJ'),(67,79,'https://iandwe.s3.ap-northeast-2.amazonaws.com/details/eSAIfqkx'),(67,80,'https://iandwe.s3.ap-northeast-2.amazonaws.com/details/0gtJGIzE'),(68,81,'https://iandwe.s3.ap-northeast-2.amazonaws.com/details/ZGVWLBw5'),(68,82,'https://iandwe.s3.ap-northeast-2.amazonaws.com/details/ICiRtjev'),(68,83,'https://iandwe.s3.ap-northeast-2.amazonaws.com/details/ehpVx6XK'),(69,84,'https://iandwe.s3.ap-northeast-2.amazonaws.com/details/KYjk9YMm'),(69,85,'https://iandwe.s3.ap-northeast-2.amazonaws.com/details/aFGYUh56'),(69,86,'https://iandwe.s3.ap-northeast-2.amazonaws.com/details/HKdUjx2E'),(69,87,'https://iandwe.s3.ap-northeast-2.amazonaws.com/details/SqYFCzTN'),(69,88,'https://iandwe.s3.ap-northeast-2.amazonaws.com/details/5hRRKHpM'),(70,89,'https://iandwe.s3.ap-northeast-2.amazonaws.com/details/YX5Nx9Vs'),(70,90,'https://iandwe.s3.ap-northeast-2.amazonaws.com/details/RFwzIqXC'),(70,91,'https://iandwe.s3.ap-northeast-2.amazonaws.com/details/2Lk3yn4W'),(71,92,'https://iandwe.s3.ap-northeast-2.amazonaws.com/details/KzhObVtu'),(71,93,'https://iandwe.s3.ap-northeast-2.amazonaws.com/details/dNV5ZMCH'),(71,94,'https://iandwe.s3.ap-northeast-2.amazonaws.com/details/XlFHdJos'),(72,95,'https://iandwe.s3.ap-northeast-2.amazonaws.com/details/siO5Kgjt'),(72,96,'https://iandwe.s3.ap-northeast-2.amazonaws.com/details/lPHoWGH9'),(72,97,'https://iandwe.s3.ap-northeast-2.amazonaws.com/details/LSPwJL1A'),(74,106,'https://iandwe.s3.ap-northeast-2.amazonaws.com/details/rlNyVreX'),(74,107,'https://iandwe.s3.ap-northeast-2.amazonaws.com/details/r6ncdXHG'),(74,108,'https://iandwe.s3.ap-northeast-2.amazonaws.com/details/nI7NqXN2'),(75,109,'https://iandwe.s3.ap-northeast-2.amazonaws.com/details/uvvFmuaL'),(75,110,'https://iandwe.s3.ap-northeast-2.amazonaws.com/details/qH4qJSvj'),(75,111,'https://iandwe.s3.ap-northeast-2.amazonaws.com/details/ZHEdnmoX'),(76,112,'https://iandwe.s3.ap-northeast-2.amazonaws.com/details/rcNvOq2F'),(77,113,'https://iandwe.s3.ap-northeast-2.amazonaws.com/details/Ug2roQJI'),(77,114,'https://iandwe.s3.ap-northeast-2.amazonaws.com/details/i15ALli9'),(77,115,'https://iandwe.s3.ap-northeast-2.amazonaws.com/details/X02kuASb'),(78,116,'https://iandwe.s3.ap-northeast-2.amazonaws.com/details/v1wyxrM1'),(78,117,'https://iandwe.s3.ap-northeast-2.amazonaws.com/details/K4Lmmwqh'),(78,118,'https://iandwe.s3.ap-northeast-2.amazonaws.com/details/3YeTIjXr'),(78,119,'https://iandwe.s3.ap-northeast-2.amazonaws.com/details/yhD9p3Zn'),(79,120,'https://iandwe.s3.ap-northeast-2.amazonaws.com/details/74RpSg9n'),(80,121,'https://iandwe.s3.ap-northeast-2.amazonaws.com/details/j7GOxRnG'),(80,122,'https://iandwe.s3.ap-northeast-2.amazonaws.com/details/I0mcHHx8'),(80,123,'https://iandwe.s3.ap-northeast-2.amazonaws.com/details/3iKSs9vM'),(81,124,'https://iandwe.s3.ap-northeast-2.amazonaws.com/details/391eioNC'),(81,125,'https://iandwe.s3.ap-northeast-2.amazonaws.com/details/8pyFX0Ag'),(81,126,'https://iandwe.s3.ap-northeast-2.amazonaws.com/details/uDOMtJ5V'),(81,127,'https://iandwe.s3.ap-northeast-2.amazonaws.com/details/WaSR5O7R'),(81,128,'https://iandwe.s3.ap-northeast-2.amazonaws.com/details/WvNRWf9K'),(81,129,'https://iandwe.s3.ap-northeast-2.amazonaws.com/details/Id4ZQcwX'),(82,130,'https://iandwe.s3.ap-northeast-2.amazonaws.com/details/axGX5Ldy'),(82,131,'https://iandwe.s3.ap-northeast-2.amazonaws.com/details/mco86n8b'),(82,132,'https://iandwe.s3.ap-northeast-2.amazonaws.com/details/217VIXKs'),(83,133,'https://iandwe.s3.ap-northeast-2.amazonaws.com/details/6K1MHA8S'),(84,134,'https://iandwe.s3.ap-northeast-2.amazonaws.com/details/rhvwJtpj'),(85,135,'https://iandwe.s3.ap-northeast-2.amazonaws.com/details/7RK9iUh0'),(85,136,'https://iandwe.s3.ap-northeast-2.amazonaws.com/details/Sh2Dp9qZ'),(85,137,'https://iandwe.s3.ap-northeast-2.amazonaws.com/details/2AFhF3Q0'),(86,138,'https://iandwe.s3.ap-northeast-2.amazonaws.com/details/9S8U3hYD'),(86,139,'https://iandwe.s3.ap-northeast-2.amazonaws.com/details/bCFWNeGp'),(86,140,'https://iandwe.s3.ap-northeast-2.amazonaws.com/details/HJrcrxeC'),(86,141,'https://iandwe.s3.ap-northeast-2.amazonaws.com/details/YdcHneoY'),(87,142,'https://iandwe.s3.ap-northeast-2.amazonaws.com/details/9H1LbHrN'),(87,143,'https://iandwe.s3.ap-northeast-2.amazonaws.com/details/tazHgHqO'),(87,144,'https://iandwe.s3.ap-northeast-2.amazonaws.com/details/af7hNP6g'),(88,145,'https://iandwe.s3.ap-northeast-2.amazonaws.com/details/yhdIjPgw'),(88,146,'https://iandwe.s3.ap-northeast-2.amazonaws.com/details/NgTraU89'),(88,147,'https://iandwe.s3.ap-northeast-2.amazonaws.com/details/JyUANmLV'),(89,148,'https://iandwe.s3.ap-northeast-2.amazonaws.com/details/jJkJJsF6'),(89,149,'https://iandwe.s3.ap-northeast-2.amazonaws.com/details/XpdnaaR0'),(89,150,'https://iandwe.s3.ap-northeast-2.amazonaws.com/details/iljpuwS8'),(89,151,'https://iandwe.s3.ap-northeast-2.amazonaws.com/details/IrG5Do93'),(90,152,'https://iandwe.s3.ap-northeast-2.amazonaws.com/details/xsqYfusF'),(90,153,'https://iandwe.s3.ap-northeast-2.amazonaws.com/details/LyYilHl6'),(90,154,'https://iandwe.s3.ap-northeast-2.amazonaws.com/details/lzCIOpqx'),(91,155,'https://iandwe.s3.ap-northeast-2.amazonaws.com/details/Vj7Ga0KH'),(91,156,'https://iandwe.s3.ap-northeast-2.amazonaws.com/details/2eUpwwWH'),(91,157,'https://iandwe.s3.ap-northeast-2.amazonaws.com/details/TIeP8a9w'),(92,158,'https://iandwe.s3.ap-northeast-2.amazonaws.com/details/PJBC9t65'),(92,159,'https://iandwe.s3.ap-northeast-2.amazonaws.com/details/qM6lNFVy'),(92,160,'https://iandwe.s3.ap-northeast-2.amazonaws.com/details/OsnPTh6R'),(94,164,'https://iandwe.s3.ap-northeast-2.amazonaws.com/details/4u4khFxp'),(94,165,'https://iandwe.s3.ap-northeast-2.amazonaws.com/details/h6p08ZhP'),(94,166,'https://iandwe.s3.ap-northeast-2.amazonaws.com/details/tJi3k8bG'),(95,167,'https://iandwe.s3.ap-northeast-2.amazonaws.com/details/44Pa1krK'),(95,168,'https://iandwe.s3.ap-northeast-2.amazonaws.com/details/w90kTRMr'),(95,169,'https://iandwe.s3.ap-northeast-2.amazonaws.com/details/Mo7FGqnr'),(96,170,'https://iandwe.s3.ap-northeast-2.amazonaws.com/details/gJGeuS0t'),(96,171,'https://iandwe.s3.ap-northeast-2.amazonaws.com/details/T00tsIwm'),(96,172,'https://iandwe.s3.ap-northeast-2.amazonaws.com/details/tuqwrFtn'),(97,173,'https://iandwe.s3.ap-northeast-2.amazonaws.com/details/a1SxAH7Z'),(97,174,'https://iandwe.s3.ap-northeast-2.amazonaws.com/details/NsiiwkKo'),(98,175,'https://iandwe.s3.ap-northeast-2.amazonaws.com/details/wA3spwuW'),(98,176,'https://iandwe.s3.ap-northeast-2.amazonaws.com/details/G0Dye2vI'),(98,177,'https://iandwe.s3.ap-northeast-2.amazonaws.com/details/9ywEUW8R'),(99,178,'https://iandwe.s3.ap-northeast-2.amazonaws.com/details/MdqtN1g8'),(99,179,'https://iandwe.s3.ap-northeast-2.amazonaws.com/details/a6WHsx7J'),(99,180,'https://iandwe.s3.ap-northeast-2.amazonaws.com/details/o7Ryb9Mo'),(100,181,'https://iandwe.s3.ap-northeast-2.amazonaws.com/details/gDZAgVi8'),(100,182,'https://iandwe.s3.ap-northeast-2.amazonaws.com/details/b8aFAx9H'),(100,183,'https://iandwe.s3.ap-northeast-2.amazonaws.com/details/8dlWc2Xa'),(101,184,'https://iandwe.s3.ap-northeast-2.amazonaws.com/details/CBzP8ssD'),(101,185,'https://iandwe.s3.ap-northeast-2.amazonaws.com/details/U5aRup3l'),(101,186,'https://iandwe.s3.ap-northeast-2.amazonaws.com/details/kkotMwfo'),(102,187,'https://iandwe.s3.ap-northeast-2.amazonaws.com/details/AH2Y4Zwb'),(102,188,'https://iandwe.s3.ap-northeast-2.amazonaws.com/details/3Umj5NCB'),(102,189,'https://iandwe.s3.ap-northeast-2.amazonaws.com/details/bSPr94fR'),(103,190,'https://iandwe.s3.ap-northeast-2.amazonaws.com/details/U3a8Z6ff'),(103,191,'https://iandwe.s3.ap-northeast-2.amazonaws.com/details/BtgPLBq6'),(103,192,'https://iandwe.s3.ap-northeast-2.amazonaws.com/details/67jGLu30'),(104,193,'https://iandwe.s3.ap-northeast-2.amazonaws.com/details/uhJNk2ir'),(104,194,'https://iandwe.s3.ap-northeast-2.amazonaws.com/details/wd5f7H3i'),(104,195,'https://iandwe.s3.ap-northeast-2.amazonaws.com/details/SOWGfPuK'),(105,196,'https://iandwe.s3.ap-northeast-2.amazonaws.com/details/UBlg1ls4'),(105,197,'https://iandwe.s3.ap-northeast-2.amazonaws.com/details/hF4nwbeF'),(105,198,'https://iandwe.s3.ap-northeast-2.amazonaws.com/details/Y0nzOLzg'),(105,199,'https://iandwe.s3.ap-northeast-2.amazonaws.com/details/mAvhKlWF'),(105,200,'https://iandwe.s3.ap-northeast-2.amazonaws.com/details/eGjyjkAQ'),(106,201,'https://iandwe.s3.ap-northeast-2.amazonaws.com/details/Yh6hljVI'),(106,202,'https://iandwe.s3.ap-northeast-2.amazonaws.com/details/bAvL8qwg'),(106,203,'https://iandwe.s3.ap-northeast-2.amazonaws.com/details/z0bIAEus'),(106,204,'https://iandwe.s3.ap-northeast-2.amazonaws.com/details/3syBsLcq'),(106,205,'https://iandwe.s3.ap-northeast-2.amazonaws.com/details/KvGhMOVR'),(106,206,'https://iandwe.s3.ap-northeast-2.amazonaws.com/details/jxIeSMxi'),(106,207,'https://iandwe.s3.ap-northeast-2.amazonaws.com/details/5I8CwkdP'),(107,208,'https://iandwe.s3.ap-northeast-2.amazonaws.com/details/feRNvnyq'),(107,209,'https://iandwe.s3.ap-northeast-2.amazonaws.com/details/irTTNaKg'),(107,210,'https://iandwe.s3.ap-northeast-2.amazonaws.com/details/2DZkgSmB'),(107,211,'https://iandwe.s3.ap-northeast-2.amazonaws.com/details/7OYgKlsq'),(107,212,'https://iandwe.s3.ap-northeast-2.amazonaws.com/details/0DgDQPqo'),(107,213,'https://iandwe.s3.ap-northeast-2.amazonaws.com/details/OvrBEMJR'),(107,214,'https://iandwe.s3.ap-northeast-2.amazonaws.com/details/kMC8iQvB'),(108,215,'https://iandwe.s3.ap-northeast-2.amazonaws.com/details/X8YMsjJQ'),(108,216,'https://iandwe.s3.ap-northeast-2.amazonaws.com/details/GaIoV6fG'),(108,217,'https://iandwe.s3.ap-northeast-2.amazonaws.com/details/iRBrMfIO'),(109,218,'https://iandwe.s3.ap-northeast-2.amazonaws.com/details/5u3GnI3L'),(109,219,'https://iandwe.s3.ap-northeast-2.amazonaws.com/details/RLRKQmTN'),(109,220,'https://iandwe.s3.ap-northeast-2.amazonaws.com/details/r4GEI8df'),(112,225,'https://iandwe.s3.ap-northeast-2.amazonaws.com/details/Cb2RFBlk'),(112,226,'https://iandwe.s3.ap-northeast-2.amazonaws.com/details/mWFtI6ne'),(112,227,'https://iandwe.s3.ap-northeast-2.amazonaws.com/details/Ttd7AmzY'),(113,228,'https://iandwe.s3.ap-northeast-2.amazonaws.com/details/9cpm4ZIm'),(113,229,'https://iandwe.s3.ap-northeast-2.amazonaws.com/details/Kx8nJKky'),(113,230,'https://iandwe.s3.ap-northeast-2.amazonaws.com/details/Y9isjehU'),(113,231,'https://iandwe.s3.ap-northeast-2.amazonaws.com/details/n3nNvH4I'),(113,232,'https://iandwe.s3.ap-northeast-2.amazonaws.com/details/q9Ju2WLR'),(113,233,'https://iandwe.s3.ap-northeast-2.amazonaws.com/details/vVSj6BKg'),(113,234,'https://iandwe.s3.ap-northeast-2.amazonaws.com/details/gjsT8yPT'),(114,235,'https://iandwe.s3.ap-northeast-2.amazonaws.com/details/ILLqxZnV'),(114,236,'https://iandwe.s3.ap-northeast-2.amazonaws.com/details/j5cYN9W6'),(114,237,'https://iandwe.s3.ap-northeast-2.amazonaws.com/details/jIQyDJ5h'),(114,238,'https://iandwe.s3.ap-northeast-2.amazonaws.com/details/77cpNju4'),(114,239,'https://iandwe.s3.ap-northeast-2.amazonaws.com/details/Z0QgF3oY');
/*!40000 ALTER TABLE `product_detail` ENABLE KEYS */;
UNLOCK TABLES;

--
-- Table structure for table `seller`
--

DROP TABLE IF EXISTS `seller`;
/*!40101 SET @saved_cs_client     = @@character_set_client */;
/*!50503 SET character_set_client = utf8mb4 */;
CREATE TABLE `seller` (
  `business_number` varchar(100) DEFAULT NULL,
  `seller_id` int NOT NULL AUTO_INCREMENT,
  `ceo_email` varchar(255) DEFAULT NULL,
  `ceo_name` varchar(255) DEFAULT NULL,
  `ceo_phone` varchar(255) DEFAULT NULL,
  `company_name` varchar(255) DEFAULT NULL,
  `seller_email` varchar(255) NOT NULL,
  PRIMARY KEY (`seller_id`)
) ENGINE=InnoDB AUTO_INCREMENT=16 DEFAULT CHARSET=utf8mb4 COLLATE=utf8mb4_0900_ai_ci;
/*!40101 SET character_set_client = @saved_cs_client */;

--
-- Dumping data for table `seller`
--

LOCK TABLES `seller` WRITE;
/*!40000 ALTER TABLE `seller` DISABLE KEYS */;
INSERT INTO `seller` VALUES ('1248100998',11,'yn@naver.com','','01012345678','() ','kn9012@naver.com'),('1108114794',12,'hanjaehyunn@naver.com','','01057056540','','hjh65405@naver.com'),(NULL,13,NULL,'',NULL,NULL,'mkwhwkdud@naver.com'),(NULL,14,NULL,'',NULL,NULL,'306hso@naver.com'),('1248100998',15,'tpwls101@naver.com','','01066041442','J','tpwls101@naver.com');
/*!40000 ALTER TABLE `seller` ENABLE KEYS */;
UNLOCK TABLES;

--
-- Table structure for table `subscription_category`
--

DROP TABLE IF EXISTS `subscription_category`;
/*!40101 SET @saved_cs_client     = @@character_set_client */;
/*!50503 SET character_set_client = utf8mb4 */;
CREATE TABLE `subscription_category` (
  `subscription_category_id` int NOT NULL AUTO_INCREMENT,
  `user_user_id` int DEFAULT NULL,
  `subscribe_fashion` tinyint(1) NOT NULL,
  `subscribe_beauty` tinyint(1) NOT NULL,
  `subscribe_food` tinyint(1) NOT NULL,
  `subscribe_appliance` tinyint(1) NOT NULL,
  `subscribe_sports` tinyint(1) NOT NULL,
  `subscribe_living` tinyint(1) NOT NULL,
  `subscribe_pet` tinyint(1) NOT NULL,
  `subscribe_travel` tinyint(1) NOT NULL,
  PRIMARY KEY (`subscription_category_id`),
  KEY `FKxp1fu01je08nd7b9qiwmo6x4` (`user_user_id`),
  CONSTRAINT `FKxp1fu01je08nd7b9qiwmo6x4` FOREIGN KEY (`user_user_id`) REFERENCES `user` (`user_id`)
) ENGINE=InnoDB AUTO_INCREMENT=12 DEFAULT CHARSET=utf8mb4 COLLATE=utf8mb4_0900_ai_ci;
/*!40101 SET character_set_client = @saved_cs_client */;

--
-- Dumping data for table `subscription_category`
--

LOCK TABLES `subscription_category` WRITE;
/*!40000 ALTER TABLE `subscription_category` DISABLE KEYS */;
INSERT INTO `subscription_category` VALUES (8,18,0,0,1,1,1,0,0,1),(9,19,1,1,1,1,1,1,1,1),(10,19,1,1,1,1,1,1,1,1),(11,19,1,0,0,1,0,1,1,1);
/*!40000 ALTER TABLE `subscription_category` ENABLE KEYS */;
UNLOCK TABLES;

--
-- Table structure for table `user`
--

DROP TABLE IF EXISTS `user`;
/*!40101 SET @saved_cs_client     = @@character_set_client */;
/*!50503 SET character_set_client = utf8mb4 */;
CREATE TABLE `user` (
  `user_id` int NOT NULL AUTO_INCREMENT,
  `detail_address` varchar(255) DEFAULT NULL,
  `email` varchar(255) NOT NULL,
  `fcm_token` varchar(255) DEFAULT NULL,
  `is_subscribed` tinyint(1) DEFAULT '0',
  `name` varchar(255) NOT NULL,
  `phone` varchar(255) DEFAULT NULL,
  `road_address` varchar(255) DEFAULT NULL,
  `zipcode` varchar(255) DEFAULT NULL,
  PRIMARY KEY (`user_id`)
) ENGINE=InnoDB AUTO_INCREMENT=20 DEFAULT CHARSET=utf8mb4 COLLATE=utf8mb4_0900_ai_ci;
/*!40101 SET character_set_client = @saved_cs_client */;

--
-- Dumping data for table `user`
--

LOCK TABLES `user` WRITE;
/*!40000 ALTER TABLE `user` DISABLE KEYS */;
INSERT INTO `user` VALUES (14,'101','kn9012@naver.com',NULL,0,'','010-3862-0912','    129','16677'),(15,NULL,'mkwhwkdud@naver.com',NULL,0,'',NULL,NULL,NULL),(16,' 1','hjh65405@naver.com',NULL,0,'','010-5705-6540','   73','03054'),(17,NULL,'tpwls101@naver.com',NULL,0,'',NULL,NULL,NULL),(18,'123','rladbtks@icloud.com',NULL,1,'','010-6848-2507','   28','61181'),(19,'166 1005','306hso@naver.com',NULL,1,'','010-4320-0933','   32 20','16422');
/*!40000 ALTER TABLE `user` ENABLE KEYS */;
UNLOCK TABLES;

--
-- Table structure for table `user_notifications`
--

DROP TABLE IF EXISTS `user_notifications`;
/*!40101 SET @saved_cs_client     = @@character_set_client */;
/*!50503 SET character_set_client = utf8mb4 */;
CREATE TABLE `user_notifications` (
  `user_user_id` int NOT NULL,
  `notifications_notification_id` int NOT NULL,
  UNIQUE KEY `UK_o7eeve06eshxjnx9vcmo7l6oe` (`notifications_notification_id`),
  KEY `FKpjo6xghkyiwof7d7xyqrp08gk` (`user_user_id`),
  CONSTRAINT `FK3hyjook8l3sqr0rvwpm94duf2` FOREIGN KEY (`notifications_notification_id`) REFERENCES `notification` (`notification_id`),
  CONSTRAINT `FKpjo6xghkyiwof7d7xyqrp08gk` FOREIGN KEY (`user_user_id`) REFERENCES `user` (`user_id`)
) ENGINE=InnoDB DEFAULT CHARSET=utf8mb4 COLLATE=utf8mb4_0900_ai_ci;
/*!40101 SET character_set_client = @saved_cs_client */;

--
-- Dumping data for table `user_notifications`
--

LOCK TABLES `user_notifications` WRITE;
/*!40000 ALTER TABLE `user_notifications` DISABLE KEYS */;
/*!40000 ALTER TABLE `user_notifications` ENABLE KEYS */;
UNLOCK TABLES;
/*!40103 SET TIME_ZONE=@OLD_TIME_ZONE */;

/*!40101 SET SQL_MODE=@OLD_SQL_MODE */;
/*!40014 SET FOREIGN_KEY_CHECKS=@OLD_FOREIGN_KEY_CHECKS */;
/*!40014 SET UNIQUE_CHECKS=@OLD_UNIQUE_CHECKS */;
/*!40101 SET CHARACTER_SET_CLIENT=@OLD_CHARACTER_SET_CLIENT */;
/*!40101 SET CHARACTER_SET_RESULTS=@OLD_CHARACTER_SET_RESULTS */;
/*!40101 SET COLLATION_CONNECTION=@OLD_COLLATION_CONNECTION */;
/*!40111 SET SQL_NOTES=@OLD_SQL_NOTES */;

-- Dump completed on 2024-05-20  2:48:14
